date,total_new_confirmed,total_new_deceased,total_cumulative_confirmed,total_cumulative_deceased,total_cumulative_tested,total_new_persons_vaccinated,total_cumulative_persons_vaccinated,total_new_persons_fully_vaccinated,total_cumulative_persons_fully_vaccinated,total_new_vaccine_doses_administered,total_cumulative_vaccine_doses_administered,total_new_hospitalized_patients,total_cumulative_hospitalized_patients,total_cumulative_recovered,total_new_recovered,total_cumulative_intensive_care_patients
2022-09-17,,,,,,,,,,,,,,,,
2022-09-16,,,,,,,,,,,,,,,,
2022-09-15,,,,,,,,,,,,,,,,
2022-09-14,41909,318,80452470,953464,721507593,67576,1025532632,187360,945633577,2081070,2157151049,,,76946066,41281,
2022-09-13,34220,-2561,124930923,1481434,723831224,72751,1025465056,202865,945446217,2154402,2155069979,,,76908630,28452,
2022-09-12,17876,2694,124900586,1484033,709931165,61675,1025392305,272886,945243352,2793175,2152915577,,,76884023,20936,
2022-09-11,14810,77,124886597,1481377,719866894,61419,1025330630,238500,944970466,2047213,2150122402,,,76866932,1926,
2022-09-10,16121,67,124875674,1481338,709503781,68210,1025269211,190853,944731966,2138217,2148075189,,,76868852,21544,
2022-09-09,16774,75,124863440,1481309,719369163,84366,1025201001,299942,944541113,2705864,2145936972,,,76851151,12504,
2022-09-08,18959,94,124850552,1481272,721659371,91230,1025116635,281603,944241171,3571278,2143231108,,,76842488,14619,
2022-09-07,18186,107,124835478,1481216,721341910,68762,1025025405,196149,943959568,2098773,2139659830,,,76831710,11987,
2022-09-06,14688,-2475,124821175,1481147,721101575,58916,1024956643,184733,943763419,1977400,2137561057,,,76823563,13313,
2022-09-05,18338,2681,124810370,1483660,718274248,66362,1024897727,284476,943578686,2925199,2135583657,,,76814082,13261,
2022-09-04,16320,81,124795915,1481017,718061798,73476,1024831365,255556,943294210,2194272,2132658458,,,76804661,13172,
2022-09-03,23452,114,124783479,1480974,717775671,83634,1024757889,236309,943038654,2540787,2130464186,,,76795329,20949,
2022-09-02,16523,108,124763909,1480898,720052238,98812,1024674255,300925,942802345,2309439,2127923399,,,76778206,11531,
2022-09-01,19582,91,124751265,1480828,719755139,59316,1024575443,174229,942501420,1427027,2125613960,,,76770501,17634,
2022-08-31,39223,62803,124735562,1480775,719462298,64238,1024516127,194101,942327191,2087696,2124186933,,,76756688,6649923,
2022-08-30,4413,-65120,124700217,1418010,719178085,88809,1024451889,249788,942133090,2597118,2122099237,,,70110580,-6610477,
2022-08-29,21011,2734,124699681,1483168,716239038,48761,1024363080,163771,941883302,2481969,2119502119,,,76724862,32598,
2022-08-28,9920,122,124682546,1480472,715943175,98123,1024314319,260240,941719531,2566293,2117020150,,,76696061,16162,
2022-08-27,40591,397,124397158,1476096,712344687,103519,1024216196,280254,941459291,2577855,2114453857,,,76546254,23512,
2022-08-26,26785,256,124508166,1478577,715229809,136266,1024112677,425558,941179037,3151893,2111876002,,,76533897,21369,
2022-08-25,29472,191,124616822,1479812,714887098,107069,1023976411,328050,940753479,2486565,2108724109,,,76646384,25863,
2022-08-24,58257,384,124591191,1479660,717064769,106038,1023869342,292806,940425429,2609675,2106237544,,,76624261,51866,
2022-08-23,19958,123,124536788,1479315,716729300,97211,1023763304,304015,940132623,2938668,2103627869,,,76576166,19757,
2022-08-22,55566,280,124520673,1479231,716405070,97116,1023666093,371584,939828608,3300298,2100689201,,,76560163,36367,
2022-08-21,-13169,63721,124468943,1478990,671090294,106355,1023568977,362704,939457024,2950311,2097388903,,,76527553,6584368,
2022-08-20,43797,-63719,124485949,1415308,672521234,55400,1023462622,182462,939094320,1460501,2094438592,,,69946941,-6565628,
2022-08-19,32528,126,124445985,1479066,674740280,123882,1023407222,323991,938911858,2916509,2092978091,,,76516299,21620,
2022-08-18,38763,136,124417291,1478979,671884482,117201,1023283340,367069,938587867,3764791,2090061582,,,76498394,24345,
2022-08-17,77314,504,124382346,1478882,672527399,89962,1023166139,280779,938220798,2799426,2086296791,,,76477768,67468,
2022-08-16,-201,-69,124308846,1478417,672224663,21398,1023076177,87641,937940019,851068,2083497365,,,76414014,-4272,
2022-08-15,14793,6,124312840,1478525,673704909,44454,1023054779,158269,937852378,2332057,2082646297,,,76421998,14302,
2022-08-14,33533,123,124301849,1478558,669327824,99156,1023010325,312932,937694109,2646304,2080314240,,,76411391,24163,
2022-08-13,36779,123,124272115,1478474,668999395,96540,1022911169,285232,937381177,2593169,2077667936,,,76390924,27485,
2022-08-12,47411,386,124239112,1478390,668730177,92074,1022814629,280747,937095945,1829031,2075074767,,,76367114,38119,
2022-08-11,44112,169,124195461,1478043,668393184,102302,1022722555,319051,936815198,2504854,2073245736,,,76332657,31749,
2022-08-10,42973,-2405,124155117,1477913,669714833,67149,1022620253,189905,936496147,1585893,2070740882,,,76304545,24167,
2022-08-09,46646,2751,124115894,1480357,669504079,130120,1022553104,346221,936306242,2975831,2069154989,,,76284007,43234,
2022-08-08,38119,151,124072998,1477645,669097532,140253,1022422984,443185,935960021,3317081,2066179158,,,76244415,27407,
2022-08-07,89816,61296,124038609,1477533,671446966,148562,1022282731,458989,935516836,3089012,2062862077,,,76220650,6653492,
2022-08-06,54096,-60571,123952530,1416276,708761530,163183,1022134169,433656,935057847,3284793,2059773065,,,69570833,-6536871,
2022-08-05,21303,-83,123902149,1476886,710883514,202185,1021970986,567468,934624191,3587918,2056488272,,,76111390,3421,
2022-08-04,80050,399,123884550,1477008,710529207,268770,1021768801,820983,934056723,6383581,2052900354,,,76111673,62361,
2022-08-03,15723,-152,123808183,1476649,707616158,,,,,,,,,76053045,-3552,
2022-08-02,76961,58574,123796132,1476841,709762947,134823,1021500031,348000,933235740,2698485,2046516773,,,76060319,6627802,
2022-08-01,27593,-58179,123722853,1418307,709414840,38025,1021365208,112346,932887740,1043383,2043818288,,,69436240,-6546470,
2022-07-31,86405,-2106,123698943,1476525,668712571,131798,1021327183,336736,932775394,2700603,2042774905,,,75986440,69257,
2022-07-30,41521,2611,123616255,1478670,665699914,170304,1021195385,425298,932438658,3419630,2040074302,,,75920919,26117,
2022-07-29,23823,-73,123578461,1476098,708137519,224821,1021025081,663192,932013360,3718481,2036654672,,,75898535,4879,
2022-07-28,71085,203,123558381,1476210,707751501,181886,1020800260,580976,931350168,4299285,2032936191,,,75897402,52282,
2022-07-27,53799,139,123491068,1476046,707045767,154171,1020618374,528967,930769192,3152018,2028636906,,,75848872,32858,
2022-07-26,51377,151,123441032,1475946,706679960,153484,1020464203,346079,930240225,3180012,2025484888,,,75819771,33895,
2022-07-25,33056,-2446,123393418,1475834,703809889,109217,1020310719,408815,929894146,1901401,2022304876,,,75789634,20522,
2022-07-24,57307,167,123364132,1478319,703755137,154055,1020201502,494189,929485331,2960410,2020403475,,,75772863,41573,
2022-07-23,50915,56203,123310600,1478191,703195516,186270,1020047447,540789,928991142,3711730,2017443065,,,75735050,6573986,
2022-07-22,82239,-50640,123263457,1422027,705297937,237501,1019861177,750876,928450353,3836225,2013731335,,,69164826,-6479161,
2022-07-21,58723,183,123185003,1472706,704738606,178730,1019623676,573359,927699477,3223663,2009895110,,,75647750,34477,
2022-07-20,56046,-2401,123130071,1472562,1055974424,159128,1019444946,491280,927126118,2796737,2006671447,,,75617039,30042,
2022-07-19,58946,2674,123077821,1475002,703946488,108886,1019285818,370108,926634838,1906680,2003874710,,,75590764,33352,
2022-07-18,46447,130,123022672,1472367,700966940,279952,1019176932,977897,926264730,5002942,2001968030,,,75561180,26170,
2022-07-17,4725563,83006,122980020,1472276,700786618,,,,,,,,,75538780,4614671,
2022-07-16,49453,150,118258256,1389309,700310695,,,,,,,,,70927879,27071,
2022-07-15,-4622207,-82707,118212604,1389198,699934825,215290,1018896980,778290,925286833,2795211,1996965088,,,70904577,-4550285,
2022-07-14,52947,152,118164273,1389082,703346048,194515,1018681690,1890375,924508543,2929469,1994169877,,,70879600,28625,
2022-07-13,54097,153,122789469,1471831,700437223,213854,1018487175,944922,922618168,2052713,1991240408,,,75433778,34405,
2022-07-12,79060,314,122739178,1471717,698719089,132954,1018273321,547110,921673246,1202477,1989187695,,,75403144,53812,
2022-07-11,41250,111,122671387,1471587,701708429,143722,1018140367,620831,921126136,1076826,1987985218,,,75360417,23469,
2022-07-10,94809,43818,122633946,1471515,700764297,323604,1017996645,1243576,920505305,2574256,1986908392,,,75340723,6585275,
2022-07-09,53713,-43210,122542946,1427736,658157653,,,,,,,,,68759223,-6470922,
2022-07-08,17950,41967,122493042,1470984,697883277,223709,1017673041,844079,919261729,1753703,1984334136,,,75233919,6492416,
2022-07-07,76300,-41696,122478899,1429055,697517819,170528,1017449332,714564,918417650,1395361,1982580433,,,68745272,-6438978,
2022-07-06,30471,-81,122406408,1470789,699676604,142043,1017278804,597968,917703086,1077947,1981185072,,,75188019,1399,
2022-07-05,41698,102,122379747,1470908,699257092,160927,1017136761,635899,917105118,1188955,1980107125,,,75190389,22809,
2022-07-04,41209,41425,122341860,1470844,696468756,37919,1016975834,195777,916469219,367111,1978918170,,,75171349,6505429,
2022-07-03,78494,379,122304465,1429457,656177536,114867,1016937915,481056,916273442,932685,1978551059,,,68669689,60190,
2022-07-02,16382,-41504,122097845,1427457,654105296,141133,1016823048,601659,915792386,1048372,1977618374,,,68483026,-6480609,
2022-07-01,45234,117,122217221,1470658,695428014,175633,1016681915,711024,915190727,1235241,1976570002,,,75097635,25331,
2022-06-30,58739,133,122175787,1470579,695080868,195274,1016506282,836814,914479703,1512729,1975334761,,,75076051,33087,
2022-06-29,62617,42119,122120855,1470484,694623251,191551,1016311008,840398,913642889,1470127,1973822032,,,75046720,6502552,
2022-06-28,75220,-41629,122062045,1428403,696538965,241521,1016119457,1054857,912802491,1882155,1972351905,,,68547923,-6413454,
2022-06-27,13924,-107,121990632,1470070,696233421,65193,1015877936,345955,911747634,616973,1970469750,,,74965130,-6974,
2022-06-26,60574,313,121980515,1470215,695993562,148719,1015812743,677768,911401679,1181064,1969852777,,,74975860,48945,
2022-06-25,9575,-136,121923747,1469940,691424256,210291,1015664024,999045,910723911,1691301,1968671713,,,74930671,-8102,
2022-06-24,38940,96,121917977,1470114,692847973,195639,1015453733,938643,909724866,1546972,1966980412,,,74942530,21183,
2022-06-23,49383,11119,121882833,1470056,692482431,187012,1015258094,975387,908786223,1637306,1965433440,,,74925104,26720,
2022-06-22,43763,-10929,121837244,1458975,692025920,154936,1015071082,861427,907810836,1374921,1963796134,,,74902142,23290,
2022-06-21,41070,110,121797274,1469942,691696406,162594,1014916146,892383,906949409,1423069,1962421213,,,74882610,20864,
2022-06-20,32551,63,121759994,1469870,1548301241,53475,1014753552,297775,906057026,499442,1960998144,,,74865504,16148,
2022-06-19,49421,113,121731234,1469845,1551813261,128425,1014700077,730156,905759251,1230414,1960498702,,,74853113,26436,
2022-06-18,28300,73,121685607,1469770,1548595048,195252,1014571652,1007457,905029095,1623721,1959268288,,,74830435,13340,
2022-06-17,35082,50467,121661102,1469735,1547793209,198357,1014376400,1048727,904021638,1690335,1957644567,,,74820853,6445668,
2022-06-16,39124,1212,121527358,1417950,1546964661,189676,1014178043,1001099,902972911,1668893,1955954232,,,68277847,15510,
2022-06-15,46866,-51409,121594487,1418132,1546035264,174743,1013988367,970552,901971812,1517997,1954285339,,,68367191,-6407175,
2022-06-14,29167,-14664,121551416,1469579,1547600952,193962,1013813624,1024220,901001260,1582434,1952767342,,,74778123,-2289487,
2022-06-13,20165,54892,121526045,1484281,1544361085,146098,1013619662,853465,899977040,1193795,1951184908,,,77071368,6432737,
2022-06-12,72853,-54538,121509675,1429427,1546311378,177325,1013473564,1003591,899123575,1478562,1949991113,,,70642392,-6375017,
2022-06-11,15562,-87,121440618,1484003,1543044554,208933,1013296239,1053239,898119984,1623660,1948512551,,,77021170,2955,
2022-06-10,19747,57439,121422742,1483989,1542459510,221205,1013087306,1088538,897066745,1664750,1946888891,,,77016005,6428135,
2022-06-09,28086,-57290,121406791,1426588,1541886390,205686,1012866101,1070147,895978207,1691013,1945224141,,,70591631,-6408696,
2022-06-08,-4777,-146,121382501,1483916,1541270954,226939,1012660415,1080823,894908060,1655550,1943533128,,,77004088,-18171,
2022-06-07,17210,53,121391074,1484100,1540653799,191252,1012433476,915329,893827237,1413607,1941877578,,,77026020,7890,
2022-06-06,19949,67,121377660,1484085,1540114880,64040,1012242224,318182,892911908,501014,1940463971,,,77021891,10082,
2022-06-05,206374,2242,121361510,1484056,1541981147,145455,1012178184,684166,892593726,1099607,1939962957,,,77015571,198836,
2022-06-04,-177459,-2111,121158935,1481852,1536778568,170249,1012032729,841928,891909560,1304882,1938863350,,,76820497,-183268,
2022-06-03,11514,80,121303625,1483449,1538335158,169251,1011862480,850952,891067632,1331049,1937558468,,,76971516,7074,
2022-06-02,14857,98,121332478,1483959,1537646817,39676,1011693229,183961,890216680,290231,1936227419,,,77004215,7937,
2022-06-01,14864,56,121321419,1483899,1539420605,323634,1011653553,1404463,890032719,2230907,1935937188,,,77000039,8124,
2022-05-31,13256,56,121310354,1483881,1536124213,196413,1011329919,843417,888628256,1356081,1933706281,,,76995677,-1611,
2022-05-30,10503,72,121300897,1483863,1525518580,66755,1011133506,281082,887784839,457296,1932350200,,,77001053,18275,
2022-05-29,41107,303,121294194,1483829,1537421011,190110,1011066751,754032,887503757,1247768,1931892904,,,76986543,34974,
2022-05-28,10802,107,121256887,1483564,1534264414,260048,1010876641,999654,886749725,1573544,1930645136,,,76955334,5484,
2022-05-27,-17257,-145,121249885,1483495,1533423104,267336,1010616593,1009990,885750071,1578706,1929071592,,,76953615,-19524,
2022-05-26,38762,367,121197490,1482684,1532802722,237113,1010349257,982129,884740081,1493936,1927492886,,,76904449,35064,
2022-05-25,-17643,-130,121235980,1483349,1532056178,222300,1010112144,918926,883757952,1436636,1925998950,,,76945605,-19434,
2022-05-24,10505,84,121257423,1483517,1533783978,230772,1009889844,945806,882839026,1483164,1924562314,,,76968803,6918,
2022-05-23,8697,66,121250721,1483471,1530585292,91274,1009659072,612553,881893220,1001643,1923079150,,,76965650,3808,
2022-05-22,38243,364,121245827,1483443,1512657710,222748,1009567798,896721,881280667,1438451,1922077507,,,76965607,37311,
2022-05-21,-19083,12,121211387,1483117,1529295613,300889,1009345050,1064277,880383946,1669114,1920639056,,,76932061,-19621,
2022-05-20,11685,22,121234273,1483143,1531034964,309614,1009044161,1082847,879319669,1639671,1918969942,,,76955447,9442,
2022-05-19,38396,526,121226391,1483159,1527737482,264768,1008734547,1045542,878236822,1545773,1917330271,,,76949770,33663,
2022-05-18,-15223,108,121191798,1482671,1529361015,290075,1008469779,1013293,877191280,1552650,1915784498,,,76919872,-16068,
2022-05-17,3327,-644,121210824,1482601,1526221789,214677,1008179704,826995,876177987,1297045,1914231848,,,76939705,3848,
2022-05-16,37049,366,121211300,1483283,1525574100,89720,1007965027,357704,875350992,546879,1912934803,,,76939622,36174,
2022-05-15,-19751,-130,121178054,1482955,1485730305,258827,1007875307,906644,874993288,1398993,1912387924,,,76907213,-20621,
2022-05-14,-845,16,121207718,1483262,680554985,341147,1007616480,1133275,874086644,1685274,1910988931,,,76937570,-2539,
2022-05-13,10465,76,121212366,1483284,1523686202,327728,1007275333,1070700,872953369,1573641,1909303657,,,76943874,8412,
2022-05-12,11045,58,121205704,1483246,1525381491,330098,1006947605,1141634,871882669,1643824,1907730016,,,76939227,8776,
2022-05-11,10794,72,121198462,1483226,1522079958,311057,1006617507,1131507,870741035,1617857,1906086192,,,76934218,7126,
2022-05-10,11140,110,121191471,1483192,1523756655,310012,1006306450,1136670,869609528,1642326,1904468335,,,76930859,9691,
2022-05-09,10163,420,121184134,1483120,1522967349,286347,1005996438,996628,868472858,1411730,1902826009,,,76924935,7944,
2022-05-08,12193,-165,121177774,1482738,1519773312,380282,1005710091,1262965,867476230,1848015,1901414279,,,76920760,8192,
2022-05-07,11657,128,121169384,1482941,1518950027,396934,1005329809,1311265,866213265,1945305,1899566264,,,76916337,7865,
2022-05-06,11570,152,121161530,1482851,1520752318,374564,1004932875,1304339,864902000,1885111,1897620959,,,76912241,8923,
2022-05-05,13696,105,121153763,1482737,1520099480,317597,1004558311,1121585,863597661,1638213,1895735848,,,76907087,9599,
2022-05-04,11286,119,121143872,1482670,1517635193,147952,1004240714,510937,862476076,774849,1894097635,,,76901257,7480,
2022-05-03,40386,427,121136391,1482589,1518703984,303893,1004092762,1055143,861965139,1550173,1893322786,,,76897546,35822,
2022-05-02,-17850,-89,121099810,1482200,1515564606,162382,1003788869,552628,860909996,834417,1891772613,,,76865493,-20551,
2022-05-01,10754,92,121121467,1482327,1517467194,464285,1003626487,1556788,860357368,2257011,1890938196,,,76889813,7756,
2022-04-30,11415,112,121114520,1482273,1514382880,354180,1003162202,1178576,858800580,1701306,1888681185,,,76885826,7451,
2022-04-29,12219,160,121106912,1482199,1513498369,720065,1002808022,2247328,857622004,3300399,1886979879,,,76882144,7817,
2022-04-28,12438,184,121098500,1482077,1515209596,465152,1002087957,1526109,855374676,2233270,1883679480,,,76878096,7284,
2022-04-27,11933,130,121089869,1481931,1514412494,525457,1001622805,1492480,853848567,2275009,1881446210,,,76874581,7638,
2022-04-26,11447,155,121081743,1481839,1513581656,559685,1001097348,1621245,852356087,2449617,1879171201,,,76870712,5365,
2022-04-25,10219,1482,121074103,1481722,1512766551,186075,1000537663,555219,850734842,863847,1876721584,,,76869116,8321,
2022-04-24,9879,1532,121067691,1480278,1512097331,893334,1000351588,2402996,850179623,3710784,1875857737,,,76864564,4844,
2022-04-23,9991,127,121061619,1478784,1509069722,,,,,,,,,76863489,7767,
2022-04-22,9980,156,121055435,1478695,1508329774,484393,999458254,1267432,847776627,1958838,1872146953,,,76859491,4500,
2022-04-21,9852,569,121049262,1478577,673750706,403047,998973861,1116482,846509195,1712317,1870188115,,,76858760,7096,
2022-04-20,9619,195,121043217,1478046,1506814517,175616,998570814,487083,845392713,744947,1868475798,,,76855433,5829,
2022-04-19,9062,210,121037405,1477889,1508570803,564084,998395198,1374492,844905630,2200063,1867730851,,,76853373,5582,
2022-04-18,8009,123,121032150,1477717,1507892192,792807,997831114,1847450,843531138,3055570,1865530788,,,76851560,5598,
2022-04-17,7317,61,121027948,1477632,1507320386,,,,,,,,,76849732,5244,
2022-04-16,36228,613,121024438,1477609,1504349817,,,,,,,,,76848258,33904,
2022-04-15,-21543,-136,120992017,1477034,1506241794,103507,997038307,259265,841683688,420150,1862475218,,,76818124,-22524,
2022-04-14,6615,175,121017367,1477208,1503201750,463345,996934800,858832,841424423,1453756,1862055068,,,76844418,3975,
2022-04-13,6870,181,121014559,1477071,1502594584,373800,996471455,541229,840565591,1041348,1860601312,,,76844213,7154,
2022-04-12,6606,88,121011496,1476928,1468932578,810477,996097655,1157271,840024362,2251861,1859559964,,,76840829,5686,
2022-04-11,34371,331,121008697,1476878,1468210609,346955,995287178,547787,838867091,1040630,1857308103,,,76838913,33245,
2022-04-10,-22217,-162,120978134,1476585,1467625391,297829,994940223,490280,838319304,835344,1856267473,,,76809438,-22777,
2022-04-09,6431,103,121004159,1476785,1464663297,666003,994642394,851826,837829024,1648753,1855432129,,,76835985,5881,
2022-04-08,34988,460,121001536,1476720,1466404998,550043,993976391,642523,836977198,1310733,1853783376,,,76833874,33699,
2022-04-07,6757,206,120970356,1476298,1465645096,697536,993426348,751275,836334675,1577147,1852472643,,,76803945,5629,
2022-04-06,6630,164,120967407,1476130,1464860131,958990,992728812,1075659,835583400,2196053,1850895496,,,76802086,5829,
2022-04-05,-21608,-4,120964585,1476004,1464076614,732547,991769822,804538,834507741,1698601,1848699443,,,76800029,-22330,
2022-04-04,6185,224,120990001,1476046,1463272368,1517247,991037275,1878962,833703203,3686878,1847000842,,,76826131,5884,
2022-04-03,34403,347,120987624,1475860,1462620132,,,,,,,,,76824020,34071,
2022-04-02,-21736,-17,120957029,1475551,1462012215,,,,,,,,,76793725,-21901,
2022-04-01,6995,280,120982573,1475606,1461168345,673053,989520028,585245,831824241,1366919,1843313964,,,76819404,6128,
2022-03-31,7296,227,120979386,1475364,1457795151,1834110,988846975,1392722,831238996,3427223,1841947045,,,76817053,7069,
2022-03-30,7204,142,120975898,1475175,1459139839,2174722,987012865,1616819,829846274,4019165,1838519822,,,76813762,6573,
2022-03-29,7083,128,120972504,1475071,1458140139,786860,984838143,618577,828229455,1460643,1834500657,,,76810967,6785,
2022-03-28,7071,135,120969231,1474981,1457100566,860503,984051283,726314,827610878,1692273,1833040014,,,76807960,6600,
2022-03-27,7229,390,120964935,1474879,1456193106,502938,983190780,523876,826884564,1062451,1831347741,,,76805140,6418,
2022-03-26,7516,105,120962556,1474532,1455383207,2252177,982687842,1596120,826360688,4019460,1830285290,,,76802503,6974,
2022-03-25,8178,8385,120958856,1474465,1450245099,1198687,980435665,697868,824764568,1997100,1826265830,,,76799310,7875,
2022-03-24,8332,4302,120954493,1466118,1453137650,2273113,979236978,1276098,824066700,3694442,1824268730,,,76795216,8031,
2022-03-23,8758,254,120949976,1461854,1451959309,2624234,976963865,1377012,822790602,4134489,1820574288,,,76790965,8074,
2022-03-22,8831,224,120945034,1461638,1450809405,1530766,974339631,916264,821413590,2556290,1816439799,,,76786671,8023,
2022-03-21,8162,164,120940019,1461452,1449682764,1380741,972808865,1006033,820497326,2498778,1813883509,,,76782434,8396,
2022-03-20,8117,126,120935675,1461326,1448756861,360945,971428124,522495,819491293,911900,1811384731,,,76777825,8375,
2022-03-19,8438,323,120931377,1461238,1448056741,543724,971067179,644504,818968798,1243139,1810472831,,,76773237,8829,
2022-03-18,9208,307,120926758,1460953,1444882010,515099,970523455,657226,818324294,1214292,1809229692,,,76768193,9902,
2022-03-17,10281,400,120921369,1460684,1446453188,726874,970008356,1197229,817667068,2009649,1808015400,,,76762076,10518,
2022-03-16,10774,301,120914906,1460322,1445286335,183695,969281482,1563837,816469839,1832454,1806005751,,,76755345,11333,
2022-03-15,11389,294,120907950,1460059,1444000302,169232,969097787,1404666,814906002,1657684,1804173297,,,76747802,10263,
2022-03-14,10935,328,120900385,1459803,1442714962,190185,968928555,1520782,813501336,1795410,1802515613,,,76741331,11893,
2022-03-13,38984,414,120893274,1459513,1441520376,144066,968738370,1122674,811980554,1308487,1800720203,,,76733232,39250,
2022-03-12,-16563,-75,120825088,1458762,1440527101,140153,968594304,996023,810857880,1194234,1799411716,,,76665135,-14474,
2022-03-11,13078,255,120878501,1459250,1439155459,299842,968454151,2351706,809861857,2773692,1798217482,,,76716059,12555,
2022-03-10,14660,632,120869246,1459033,1437672682,207511,968154309,1623536,807510151,1923632,1795443790,,,76707307,14519,
2022-03-09,15099,497,120858411,1458439,1436214368,220993,967946798,1658279,805886615,1967095,1793520158,,,76696593,15035,
2022-03-08,15969,418,120847141,1457980,1434693756,264873,967725805,1869928,804228336,2235935,1791553063,,,76685364,16728,
2022-03-07,14924,393,120835002,1457600,1433168954,181543,967460932,1217322,802358408,1471620,1789317128,,,76672447,17139,
2022-03-06,14997,277,120823911,1457245,1431845205,125528,967279389,836237,801141086,996160,1787845508,,,76659119,18253,
2022-03-05,17727,413,120812754,1457006,1430584202,343645,967153861,2307746,800304849,2767904,1786849348,,,76644676,20351,
2022-03-04,19822,766,120798869,1456631,1428976123,301720,966810216,2218934,797997103,2636405,1784081444,,,76628135,24366,
2022-03-03,20978,720,120782889,1455903,1427329479,383042,966508496,2665847,795778169,3191366,1781445039,,,76607581,27372,
2022-03-02,21667,525,120765754,1455221,1425727569,201991,966125454,1308588,793112322,1579294,1778253673,,,76584017,30684,
2022-03-01,23539,597,120747930,1454734,1424257670,189883,965923463,1247480,791803734,1495732,1776674379,,,76557136,28170,
2022-02-28,22715,596,120728243,1454175,1422781299,202272,965733580,1183615,790556254,1453832,1775178647,,,76532771,33147,
2022-02-27,24981,446,120709379,1453617,1421312700,195140,965531308,1158648,789372639,1406918,1773724815,,,76503421,32965,
2022-02-26,29772,635,120688249,1453209,1419816857,517670,965336168,3041361,788213991,3721083,1772317897,,,76474251,41151,
2022-02-25,34435,782,120662327,1452612,1417959330,513864,964818498,2950562,785172630,3625865,1768596814,,,76436898,46540,
2022-02-24,38143,880,120631745,1451868,651362238,462830,964304634,2660873,782222068,3279790,1764970949,,,76394140,52187,
2022-02-23,41991,916,120597454,1451026,1414027885,324324,963841804,1745004,779561195,2168065,1761691159,,,76345747,58300,
2022-02-22,45444,891,120559310,1450148,1411895045,550167,963517480,3007739,777816191,3732039,1759523094,,,76291241,60990,
2022-02-21,41521,769,120517716,1449295,1409834731,350547,962967313,1906931,774808452,2384269,1755791055,,,76234055,65300,
2022-02-20,46281,671,120480037,1448564,1408079165,333307,962616766,1521517,772901521,1939340,1753406786,,,76172545,73298,
2022-02-19,54998,1571,120437599,1447931,1406296899,589681,962283459,2753963,771380004,3530534,1751467446,,,76103056,92779,
2022-02-18,64091,1340,120386436,1446398,1404034759,671536,961693778,3118557,768626041,4004946,1747936912,,,76014070,113320,
2022-02-17,72988,1336,120326169,1445096,1401671520,930354,961022242,4033882,765507484,5281682,1743931966,,,75904550,124631,
2022-02-16,85528,1580,120256985,1443798,1399453786,489757,960091888,1943503,761473602,2581447,1738650284,,,75783684,127197,
2022-02-15,89731,1583,120175264,1442256,1397113079,1139815,959602131,4783868,759530099,6339189,1736068837,,,75660217,156093,
2022-02-14,82287,1227,120089331,1440711,1394810096,429270,958462316,1265024,754746231,1817599,1729729648,,,75507820,155480,
2022-02-13,93174,1042,120010832,1439522,1392742901,985165,958033046,3296041,753481207,4540768,1727912049,,,75355878,172388,
2022-02-12,119361,1710,119921437,1438518,1390485796,683896,957047881,2296339,750185166,3198018,1723371281,,,75187027,220014,
2022-02-11,140129,2285,119805829,1436846,1387951970,2050316,956363985,7027606,747888827,9774452,1720173263,,,74970521,264294,
2022-02-10,155832,1912,119669444,1434598,1385286667,56435,954313669,286023,740861221,375231,1710398811,,,74709571,269867,
2022-02-09,186061,3157,119517333,1432723,1382352434,1578955,954257234,4357712,740575198,7344189,1710023580,,,74443040,317161,
2022-02-08,200972,3615,119334952,1429603,1379511414,1414463,952678279,5590384,736217486,6631347,1702679391,,,74129180,318063,
2022-02-07,197047,3569,119137596,1426024,1376677555,50639,951263816,94602,730627102,161848,1696048044,,,73814286,337134,
2022-02-06,225284,2940,118944143,1422490,1374278153,904202,951213177,1656884,730532500,2709031,1695886196,,,73480853,369292,
2022-02-05,284427,2585,118722412,1419585,1371606867,1591526,950308975,4107260,728875616,6128678,1693177165,,,73115584,394930,
2022-02-04,346314,2945,118441483,1417036,1368104700,1376277,948717449,3747771,724768356,5530743,1687048487,,,72724780,427765,
2022-02-03,405613,3153,118098639,1414128,1364575502,1082045,947341172,3048516,721020585,4487064,1681517744,,,72301835,463414,
2022-02-02,471900,3022,117696423,1411012,1361509336,1509707,946259127,3898401,717972069,5866803,1677030680,,,71843222,478028,
2022-02-01,472946,4400,117227738,1408026,1358208676,1721706,944749420,4147221,714073668,6377839,1671163877,,,71369900,518335,
2022-01-31,469946,4037,116757899,1403662,1355072357,2272008,943027714,4520965,709926447,7423888,1664786038,,,70856120,468038,
2022-01-30,560554,3044,116291014,1399659,1352208503,2110035,940755706,4142961,705405482,6900866,1657362150,,,70392385,473760,
2022-01-29,641857,2686,115733479,1396648,1349066676,1538644,938645671,3147301,701262521,5167292,1650461284,,,69922942,648963,
2022-01-28,671712,2555,115078175,1393708,1345847243,1812178,937107027,3705100,698115220,6181288,1645293992,,,69262183,617374,
2022-01-27,700526,2042,114425603,1391470,1342287780,826058,935294849,1764697,694410120,2929184,1639112704,,,68664653,638292,
2022-01-26,781730,1699,113727976,1389459,1339373516,1862280,934468791,3511701,692645423,5871190,1636183520,,,68029918,554513,
2022-01-25,812278,1823,112949117,1387789,1336102277,2246613,932606511,4031533,689133722,6892485,1630312330,,,67478998,543443,
2022-01-24,751376,1816,112139625,1385997,1332752046,388276,930359898,665489,685102189,1208921,1623419845,,,66939036,484441,
2022-01-23,866839,1658,111390987,1384213,1329698762,1838313,929971622,3068585,684436700,5122818,1622210924,,,66457968,466016,
2022-01-22,864695,1176,110526959,1382588,1289771320,2633157,928133309,4327043,681368115,7475099,1617088106,,,65995269,433975,
2022-01-21,949974,1423,109665181,1381446,1322707285,3412936,925500152,5187087,677041072,9279228,1609613007,,,65564453,431256,
2022-01-20,967198,1830,108718057,1380057,1318974189,3027610,922087216,4301942,671853985,7882289,1600333779,,,65136177,448236,
2022-01-19,917780,1630,107753767,1378263,1314938130,6491695,919059606,8786162,667552043,16445190,1592451490,,,64690813,394926,
2022-01-18,828026,1321,106838908,1376669,1311243660,15777,912567911,151381,658765881,143011,1576006300,,,64298677,323116,
2022-01-17,724020,1133,106013644,1375384,1307580964,2166091,912552134,2602607,658614500,5167283,1575863289,,,63978258,283862,
2022-01-16,690505,1034,105292334,1374287,1304561120,2380694,910386043,2497849,656011893,5057459,1570696006,,,63697047,258383,
2022-01-15,732302,899,104604501,1373288,1301767036,3918584,908005349,4635942,653514044,9160005,1565638547,,,63441295,234147,
2022-01-14,748104,1091,103874768,1372424,1298499700,1048141,904086765,1291354,648878102,2558832,1556478542,,,63209742,210096,
2022-01-13,732936,1011,103129161,1371368,1295173413,4328361,903038624,4516193,647586748,9622002,1553919710,,,63002189,190271,
2022-01-12,708265,1136,102398741,1370392,594315286,2858224,898710263,2952709,643070555,6455760,1544297708,,,62814464,159343,
2022-01-11,578361,1164,101693009,1369291,1287896911,6392220,895852039,5852587,640117846,13619197,1537841948,,,62657637,96303,
2022-01-10,489785,996,101117152,1368162,1267567920,3255737,889459819,2764059,634265259,6517469,1524222751,,,62563852,123346,
2022-01-09,487113,650,100629886,1367201,1281360086,5273368,886204082,4424499,631501200,9697867,1517705282,,,62443022,81996,
2022-01-08,460130,727,100145338,1366586,1278335284,1305651,880930714,1109853,627076701,2415504,1508007415,,,62363543,69528,
2022-01-07,412427,917,99687761,1365895,1274084858,8536349,879625063,5064540,625966848,13600889,1505591911,,,62296533,72950,
2022-01-06,350528,897,99277888,1365014,1272124419,6622289,871088714,3164770,620902308,9787059,1491991022,,,62226102,55750,
2022-01-05,280235,971,98929904,1364153,1269230024,6677905,864466425,3195789,617737538,9873694,1482203963,,,62172872,37482,
2022-01-04,197212,1403,98652222,1363218,1266288902,5217549,857788520,2586550,614541749,7804099,1472330269,,,62137911,30477,
2022-01-03,149138,1029,98457564,1361851,1263742506,4905665,852570971,3034271,611955199,7939936,1464526170,,,62109955,43767,
2022-01-02,88701,270,98310977,1360858,1261368078,689535,847665306,1826897,608920928,2516432,1456586234,,,62068709,10007,
2022-01-01,98450,848,98224827,1360624,1259479461,1335170,846975771,3869210,607094031,5204380,1454069802,,,62061223,31552,
2021-12-31,49394,905,98128929,1359812,1257287765,2419808,845640601,7728117,603224821,10147925,1448865422,,,62032192,-2399,
2021-12-30,85716,883,98082088,1358943,1255023890,905343,843220793,2616313,595496704,3521656,1438717497,,,62037112,16536,
2021-12-29,23065,874,97995927,1358052,1252366302,2219977,842315450,6906090,592880391,9126067,1435195841,,,62023096,25744,
2021-12-28,32521,898,97978414,1357258,1250101251,1777309,840095473,5845346,585974301,7622655,1426069774,,,61999871,16337,
2021-12-27,23245,919,97948447,1356396,1247907083,1023876,838318164,2691640,580128955,3715516,1418447119,,,61986053,14533,
2021-12-26,43188,1169,97927757,1355513,1245909455,215553,837294288,534259,577437315,749812,1414731603,,,61974039,37581,
2021-12-25,159,452,97862693,1354154,1243513338,2340951,837078735,7084270,576903056,9425221,1413981791,,,61914773,-5686,
2021-12-24,13098,873,97889523,1353964,1211089746,1472083,834737784,4863198,569818786,6335281,1404556570,,,61947182,6266,
2021-12-23,22186,1164,97878982,1353127,1239798966,1501826,833265701,5669185,564955588,7171011,1398221289,,,61943434,15765,
2021-12-22,23293,1267,97859353,1351999,1237580891,621352,831763875,1907255,559286403,2528607,1391050278,,,61930187,15536,
2021-12-21,21793,1072,97838617,1350768,1235172929,1922654,831142523,6375829,557379148,8298483,1388521671,,,61917168,15439,
2021-12-20,28012,1306,97819381,1349732,1232930188,900274,829219869,2894052,551003319,3794326,1380223188,,,61904247,23846,
2021-12-19,17664,1129,97793926,1348462,1230680307,951123,828319595,2420250,548109267,3371373,1376428862,,,61882919,18082,
2021-12-18,15871,254,97778818,1347369,1228976190,1837282,827368472,5853284,545689017,7690566,1373057489,,,61867355,9436,
2021-12-17,23157,873,97765502,1347151,1226660817,2080152,825531190,6795523,539835733,8875675,1365366923,,,61860439,19138,
2021-12-16,23673,1093,97744900,1346314,1221741964,905385,823451038,3100505,533040210,4005890,1356491248,,,61843823,17411,
2021-12-15,25105,1102,97723782,1345257,1221729452,1581743,822545653,4612190,529939705,6193933,1352485358,,,61828934,17422,
2021-12-14,23605,865,97701232,1344191,1219186400,3056350,820963910,7769512,525327515,10825862,1346291425,,,61814034,17797,
2021-12-13,20212,782,97680182,1343362,1216991506,1199310,817907560,2867027,517558003,4066337,1335465563,,,61798757,17465,
2021-12-12,29962,1167,97662524,1342616,1215197237,1320252,816708250,2584726,514690976,3904978,1331399226,,,61783809,26023,
2021-12-11,16937,353,97635116,1341485,1213172769,3944006,815387998,11175154,512106250,15119160,1327494248,,,61760307,9861,
2021-12-10,25371,1121,97620732,1341168,1210955148,1301486,811443992,2829063,500931096,4130549,1312375088,,,61752967,19924,
2021-12-09,26427,1322,97597915,1340083,1208435087,2386956,810142506,5982505,498102033,8369461,1308244539,,,61735565,17249,
2021-12-08,28872,973,97574042,1338797,1206009600,2350954,807755550,5561905,492119528,7912859,1299875078,,,61720839,18093,
2021-12-07,27941,577,97547724,1337860,1203551105,2510537,805404596,5733619,486557623,8244156,1291962219,,,61705269,20573,
2021-12-06,32732,986,97484454,1336558,1200342601,1476684,802894059,3477821,480824004,4954505,1283718063,,,61650903,30948,
2021-12-05,16221,343,97454278,1335608,1167722503,1671851,801417375,3285462,477346183,4957313,1278763558,,,61622480,9608,
2021-12-04,27601,981,97440615,1335301,1196252902,3461701,799745524,8616516,474060721,12078217,1273806245,,,61615398,20214,
2021-12-03,27550,8503,97453457,1335117,1191959850,1755510,796283823,4106107,465444205,5861617,1261728028,,,61634027,12679,
2021-12-02,39221,2031,97428463,1326650,1192312907,2901770,794528313,7447465,461338098,10349235,1255866411,,,61623876,27625,
2021-12-01,19274,546,97391795,1324655,1190001587,2572347,791626543,5889687,453890633,8462034,1245517176,,,61598781,9516,
2021-11-30,29354,1053,97375078,1324145,1187902892,2698799,789054196,5864337,448000946,8563136,1237055142,,,61591795,22004,
2021-11-29,42913,1079,97348281,1323128,1185844075,1707475,786355397,3589830,442136609,5297305,1228492006,,,61572322,42565,
2021-11-28,7068,282,97307926,1322085,1184047476,3572179,784647922,7129476,438546779,10701655,1223194701,,,61532288,308,
2021-11-27,49701,1714,97303417,1321839,1182304692,524738,781075743,1210227,431417303,1734965,1212493046,,,61534511,41386,
2021-11-26,6419,1467,97256275,1320161,1179539994,4035094,780551005,8194345,430207076,12229439,1210758081,,,61495656,4669,
2021-11-25,29212,1365,97252417,1318730,1177858243,1439479,776515911,3319934,422012731,4759413,1198528642,,,61493520,18605,
2021-11-24,30269,1309,97225766,1317401,1175736289,2860722,775076432,6961297,418692797,9822019,1193769229,,,61477447,21996,
2021-11-23,29178,1297,97198059,1316128,1173577154,2619157,772215710,5484677,411731500,8103834,1183947210,,,61457985,23082,
2021-11-22,47576,1418,97171442,1314867,1171347343,2608531,769596553,5177618,406246823,7786149,1175843376,,,61437436,51202,
2021-11-21,32440,-50,97126430,1313485,1169563224,1623177,766988022,2749045,401069205,4372222,1168057227,,,61388766,25751,
2021-11-20,-12290,1029,97069646,1313342,1167137035,3195562,765364845,6893887,398320160,10089449,1163685005,,,61339351,-14181,
2021-11-19,32686,876,97095837,1312374,1165793931,1636999,762169283,3171671,391426273,4808670,1153595556,,,61366888,24742,
2021-11-18,33834,1208,97065718,1311534,1163560748,2280679,760532284,5499500,388254602,7780179,1148786886,,,61344678,-96169,
2021-11-17,36215,1427,97034451,1310362,1161357664,2198918,758251605,5119576,382755102,7318494,1141006707,,,61443378,146495,
2021-11-16,33731,1095,97000803,1308971,1159010674,2119881,756052687,4586842,377635526,6706723,1133688213,,,61299414,25645,
2021-11-15,38998,808,96969639,1307912,1156753765,1270585,753932806,2821469,373048684,4092054,1126981490,,,61276302,34629,
2021-11-14,21449,385,96933210,1307140,1154828848,1180613,752662221,2528470,370227215,3709083,1122889436,,,61244206,15706,
2021-11-13,34248,719,96914329,1306791,1152889463,2302145,751481608,5454892,367698745,7757037,1119180353,,,61231032,24247,
2021-11-12,36122,1423,96882651,1306108,1150381760,2307238,749179463,6340486,362243853,8647724,1111423316,,,61209319,-96677,
2021-11-11,38105,1584,96849098,1304721,1148114675,1274981,746872225,3694240,355903367,4969221,1102775592,,,61308530,150368,
2021-11-10,40493,1210,96813561,1303173,1145849285,1612863,745597244,4045369,352209127,5658232,1097806371,,,61160696,29000,
2021-11-09,68682,2077,96775635,1301999,1142240651,1234226,743984381,2677876,348163758,3912102,1092148139,,,61134232,-241663,
2021-11-08,146779,2500,96709520,1299958,1124338475,1539500,742750155,3554252,345485882,5093752,1088236037,,,61378432,313331,
2021-11-07,-13825,1144,96565309,1297494,1092983174,842260,741210655,2122548,341931630,2964808,1083142285,,,61067639,101855,
2021-11-06,-41361,-837,96581703,1296386,1113361452,774356,740368395,1609498,339809082,2383854,1080177477,,,60968327,-49059,
2021-11-05,146743,3134,96625633,1297259,1133991422,236238,739594039,450062,338199584,686300,1077793623,,,61019932,15209,
2021-11-04,-95740,-1154,96300012,1293239,1099395634,855851,739357801,1192051,337749522,2047902,1077107323,,,60826807,15626,
2021-11-03,39879,1174,96579768,1295351,1131472906,2055375,738501950,3285400,336557471,5340775,1075059421,,,60994205,31523,
2021-11-02,37843,1101,96542457,1294213,1113952928,866207,736446575,1198110,333272071,2064317,1069718646,,,60965238,30169,
2021-11-01,63019,2266,96507184,1293148,1096364451,2037639,735580368,2985339,332073961,5022978,1067654329,,,60937628,57210,
2021-10-31,-3038937,-38426,96446735,1290918,1125543729,2481143,1463676791,3344645,658276696,5825788,2121953487,,,60882976,-3010933,
2021-10-30,48965,1342,99374647,1327620,1374622672,5293094,1461195648,8613812,654932051,13906906,2116127699,,,63896471,39377,
2021-10-29,52019,1752,99336981,1326486,1371942798,6060821,1455902554,9301777,646318239,15362598,2102220793,,,63868148,37555,
2021-10-28,53416,2360,99296262,1324942,1368967651,5157127,1449841733,8433650,637016462,13590777,2086858195,,,63841646,36464,
2021-10-27,57610,2470,99254147,1322790,1366174512,4215206,1444684606,6677421,628582812,10892627,2073267418,,,63816235,44336,
2021-10-26,53604,2097,99207843,1320528,1363469662,5076593,1440469400,7547995,621905391,12624588,2062374791,,,63782952,38379,
2021-10-25,47726,1497,99165548,1318639,1360892629,3466178,1435392807,5104145,614357396,8570323,2049750203,,,63755626,42444,
2021-10-24,52463,1437,99129138,1317350,1358678186,4346596,1431926629,5953460,609253251,10300056,2041179880,,,63724235,47488,
2021-10-23,56863,1762,99087993,1316121,1356348592,4999492,1427580033,6706942,603299791,11706434,2030879824,,,63687799,43318,
2021-10-22,59001,2095,99042449,1314567,1353694567,5879093,1422580541,7985849,596592849,13864942,2019173390,,,63655533,45125,
2021-10-21,58251,1328,98994770,1312680,1350973944,7423578,1416701448,5748184,588607000,13171762,2005308448,,,63621460,47604,
2021-10-20,63043,751,98947840,1311559,1348166674,9896085,1409277870,7311221,582858816,17207306,1992136686,,,63584906,45394,
2021-10-19,58696,754,98896122,1311015,1345713558,5529069,1399381785,7142116,575547595,12671185,1974929380,,,63550561,49143,
2021-10-18,49863,717,98848752,1310468,1343129372,4828280,1393852716,6603163,568405479,11431443,1962258195,,,63512468,49122,
2021-10-17,52273,688,98810214,1309958,1340841527,2201527,1389024436,2815101,561802316,5016628,1950826752,,,63474396,49389,
2021-10-16,52402,654,98769266,1309477,1338658884,2295764,1386822909,3439426,558987215,5735190,1945810124,,,63436057,49712,
2021-10-15,56910,666,98728189,1309030,1336392012,1672207,1384527145,2067381,555547789,3739588,1940074934,,,63397394,45836,
2021-10-14,60579,1124,98682604,1308571,1334329634,2628721,1382854938,3045984,553480408,5674705,1936335346,,,63362607,48898,
2021-10-13,65810,1077,98633350,1307654,1331857660,4064966,1380226217,4341287,550434424,8406253,1930660641,,,63324758,49724,
2021-10-12,61526,902,98578859,1306784,1328261399,6146253,1376161251,5686444,546093137,11832697,1922254388,,,63286083,55588,
2021-10-11,52773,779,98528648,1306089,1326404375,5409903,1370014998,5351770,540406693,10761673,1910421691,,,63241545,63326,
2021-10-10,62907,761,98487189,1305517,1323974515,6746808,1364605095,6333304,535054923,13080112,1899660018,,,63189268,53284,
2021-10-09,64446,817,98435596,1304963,1321583056,7762083,1357858287,7146729,528721619,14908812,1886579906,,,63147034,57186,
2021-10-08,68281,901,98382463,1304353,1318840501,8605242,1350096204,7638452,521574890,16243694,1871671094,,,63100900,56089,
2021-10-07,73088,998,98325494,1303659,1316109858,4868755,1341490962,4126433,513936438,8995188,1855427400,,,63055862,59953,
2021-10-06,76792,1097,98263718,1302868,1313226980,5200499,1336622207,4800405,509810005,10000904,1846432212,,,63006961,59189,
2021-10-05,70784,1064,98198238,1301978,1310043769,7250623,1331421708,6097489,505009600,13348112,1836431308,,,62958823,59095,
2021-10-04,63476,991,98138766,1301121,1307034319,6514546,1324171085,5943275,498912111,12457821,1823083196,,,62910779,69256,
2021-10-03,72168,830,98086602,1300337,1304762336,4325450,1317656539,3583266,492968836,7908716,1810625375,,,62852572,63297,
2021-10-02,77596,861,98025747,1299714,1302465585,8158095,1313331089,7335795,489385570,15493890,1802716659,,,62800322,61792,
2021-10-01,80983,906,97959463,1299060,1299574764,7897809,1305172994,6154145,482049775,14051954,1787222769,,,62749575,60794,
2021-09-30,89109,987,97889793,1298361,1296419084,7411034,1297275185,6059222,475895630,13470256,1773170815,,,62699825,66344,
2021-09-29,83210,1094,97811996,1297581,1293585168,7057538,1289864151,6197204,469836408,13254742,1759700559,,,62644525,67321,
2021-09-28,77480,1243,97740099,1296694,1290143225,5791654,1282806613,4633638,463639204,10425292,1746445817,,,62588249,69704,
2021-09-27,58991,935,97673934,1295658,1286994844,14099851,1277014959,9431970,459005566,23531821,1736020525,,,62529589,58434,
2021-09-26,83213,924,97626257,1294930,1284350432,4412298,1262915108,3300037,449573596,7712335,1712488704,,,62482199,69128,
2021-09-25,92513,993,97554358,1294213,1281594785,5908133,1258502810,5746889,446273559,11655022,1704776369,,,62424114,61771,
2021-09-24,97535,1030,97473158,1293427,1278293577,10386027,1252594677,7439087,440526670,17825114,1693121347,,,62373383,65492,
2021-09-23,102507,1119,97386936,1292604,1274843539,9938472,1242208650,7531146,433087583,17469618,1675296233,,,62318926,74759,
2021-09-22,105390,1078,97295740,1291692,1271519891,7422134,1232270178,5513621,425556437,12935755,1657826615,,,62255197,73764,
2021-09-21,96633,1245,97201659,1290821,1268181685,10619320,1224848044,6986171,420042816,17605491,1644890860,,,62192463,78169,
2021-09-20,86945,1076,97116333,1289783,1264658168,10257835,1214228724,7141668,413056645,17399503,1627285369,,,62125321,78670,
2021-09-19,98004,1040,97040694,1288914,1261829752,7621816,1203970889,5337574,405914977,12959390,1609885866,,,62057673,96214,
2021-09-18,102605,1105,96953996,1288081,1258878147,16054582,1196349073,11635500,400577403,27690082,1596926476,,,61972477,88880,
2021-09-17,111640,1067,96862697,1287183,1256069069,16748018,1180294491,12181102,388941903,28929120,1569236394,,,61894610,76944,
2021-09-16,114901,1114,96762358,1286323,1252798727,9945999,1163546473,6753534,376760801,16699533,1540307274,,,61828678,85472,
2021-09-15,105020,1308,96658759,1285416,1249502030,9183411,1153600474,6257731,370007267,15441142,1523607741,,,61754216,86156,
2021-09-14,95417,1184,96565040,1284315,1246162138,5761616,1144417063,3341514,363749536,9103130,1508166599,,,61679068,85665,
2021-09-13,86050,1161,96480920,1283338,1242911384,12385830,1138655447,6021039,360408022,18406869,1499063469,,,61604411,89043,
2021-09-12,98589,966,96406162,1282384,1240061876,8085406,1126269617,4393635,354386983,12479041,1480656600,,,61526379,90930,
2021-09-11,99679,1088,96318859,1281625,1237276704,10580383,1118184211,6351548,349993348,16931931,1468177559,,,61446463,85255,
2021-09-10,114412,1154,96230466,1280744,1233969407,6968369,1107603828,3041225,343641800,10009594,1451245628,,,61372222,82382,
2021-09-09,91524,1024,96127338,1279797,1230518787,12178220,1100635459,5367761,340600575,17545981,1441236034,,,61300853,58347,
2021-09-08,131616,1134,96047096,1278980,1226836006,13797611,1088457239,6139205,335232814,19936816,1423690053,,,61253519,90737,
2021-09-07,120662,1096,95926757,1278053,1223086263,13983664,1074659628,5711116,329093609,19694780,1403753237,,,61173796,79190,
2021-09-06,99388,963,95808653,1276992,1219594779,10876923,1060675964,4581899,323382493,15458822,1384058457,,,61097131,86904,
2021-09-05,111606,747,95711823,1276064,1216304063,6138324,1049799041,3504216,318800594,9642540,1368599635,,,61012752,88899,
2021-09-04,125151,854,95602774,1275352,1213094227,6028732,1043660717,3519618,315296378,9548350,1358957095,,,60926382,76934,
2021-09-03,129130,1014,95480175,1274533,1209368321,8374717,1037631985,3755585,311776760,12130302,1349408745,,,60851977,73467,
2021-09-02,134892,1060,95353596,1273554,1205724192,11691417,1029257268,4429633,308021175,16121050,1337278443,,,60781040,70273,
2021-09-01,138316,1397,95221257,1272529,677315980,19134147,1017565851,6567370,303591542,25701517,1321157393,,,60713300,70997,
2021-08-31,134113,1456,95085498,1271167,1198678584,14235522,998431704,4842468,297024172,19077990,1295455876,,,60644841,68990,
2021-08-30,103653,881,94953944,1269746,1195366114,9438065,984196182,3426981,292181704,12865046,1276377886,,,60578385,73335,
2021-08-29,118873,1427,94852849,1268900,1192408885,12270434,974758117,5844581,288754723,18115015,1263512840,,,60507585,70215,
2021-08-28,133956,1309,94736534,1267508,1189057545,7453586,483512657,2870653,142352109,10324239,625864766,,,60439907,72280,
2021-08-27,139693,1507,94605137,1266234,1185330919,15966370,955034097,5963538,280039489,21929908,1235073586,,,60370166,63207,
2021-08-26,136742,1510,94468004,1264762,1181363902,10747111,939067727,4082577,274075951,14829688,1213143678,,,60309503,66485,
2021-08-25,137659,1726,94333822,1263287,1177552222,12538725,928320616,4994590,269993374,17533315,1198313990,,,60245562,69101,
2021-08-24,122275,1928,94198725,1261596,1173621708,9324401,915781891,3673874,264998784,12998275,1180780675,,,60179016,68898,
2021-08-23,88159,1375,94079014,1259703,1170027685,5658356,906457490,2256956,261324910,7915312,1167782400,,,60112671,79440,
2021-08-22,77683,1139,93993420,1258363,1166828484,3651857,900799134,1814365,259067954,5466222,1159867088,,,60035789,88879,
2021-08-21,87788,1199,93918304,1257259,1164019950,5642722,897147277,2888825,257253589,8531547,1154400866,,,59949479,77421,
2021-08-20,100185,1165,93833086,1256095,1160566700,7803586,891504555,2642032,254364764,10445618,1145869319,,,59874617,71770,
2021-08-19,108164,1474,93735469,1254965,1156780302,7801131,883700969,2435277,251722732,10236408,1135423701,,,59805416,73298,
2021-08-18,110253,1600,93629874,1253526,1152411811,8625730,875899838,2841872,249287455,11467602,1125187293,,,59734697,78417,
2021-08-17,107424,1418,93522197,1251961,1148610500,9298334,867274108,2622864,246445583,11921198,1113719691,,,59658866,73772,
2021-08-16,85464,1325,93417349,1250578,1145052498,13228430,857975774,2318819,243822719,15547249,1101798493,,,59587692,73615,
2021-08-15,92506,1287,93334464,1249288,1141507849,1497349,422171943,513374,120233011,2010723,542404954,,,59516659,71919,
2021-08-14,105678,1408,93244536,1248035,1138777011,11458501,843249995,3853860,240990526,15312361,1084240521,,,59447345,75659,
2021-08-13,113978,1449,93141444,1246661,1134869521,15082545,831791494,4043286,237136666,19125831,1068928160,,,59374292,71026,
2021-08-12,118851,1644,93030054,1245246,1130609746,4648782,409728620,1262381,116402690,5911163,526131310,,,59305866,83692,
2021-08-11,123405,1571,92913796,1243636,1126491901,6768357,812060167,2411829,231830999,9180186,1043891166,,,59224767,78100,
2021-08-10,117985,1486,92792988,1242099,1122124104,6875869,805291810,2283790,229419170,9159659,1034710980,,,59149264,79889,
2021-08-09,93465,1250,92677605,1240647,1118503728,8980740,798415941,2689623,227135380,11670363,1025551321,,,59071959,81672,
2021-08-08,100658,1270,92586751,1239431,1115311478,2578884,789435201,1129650,224445757,3708534,1013880958,,,58992873,78833,
2021-08-07,113479,1426,92488704,1238195,1111700861,8673018,786856317,2928082,223316107,11601100,1010172424,,,58916625,87213,
2021-08-06,116318,1720,92377847,1236803,1107922855,8666299,778183299,2542620,220388025,11208919,998571324,,,58832004,79075,
2021-08-05,128273,1544,92264167,1235117,1104078944,9009424,769517000,2960503,217845405,11969927,987362405,,,58755520,80839,
2021-08-04,129768,1523,92138525,1233607,1100295542,6071142,760507576,2039449,214884902,8110591,975392478,,,58677260,82661,
2021-08-03,127477,1647,92011376,1232118,1096389547,15559554,754436434,4245241,212845453,19804795,967281887,,,58597189,72229,
2021-08-02,102567,1397,91886516,1230505,1092523641,4632084,370882294,1687302,104371159,6319386,475253453,,,58527546,76979,
2021-08-01,111759,1271,91786573,1229141,1089088584,9362699,734244796,3267504,206912910,12630203,941157706,,,58453162,72219,
2021-07-31,123622,1499,91677438,1227903,1085677803,6985847,365061784,1794270,101947240,8780117,467009024,,,58383558,77866,
2021-07-30,124129,1715,91556436,1226437,1081833260,7358844,717896250,3609736,201851136,10968580,919747386,,,58308313,73573,
2021-07-29,129986,1683,91434924,1224755,1078023156,7190818,710537406,3463252,198241400,10654070,908778806,,,58237371,82868,
2021-07-28,129614,1828,91307562,1223105,1073950997,6442352,703346588,2656142,194778148,9098494,898124736,,,58157145,75876,
2021-07-27,128084,1914,91180567,1221310,1070127401,5615636,696904236,2871802,192122006,8487438,889026242,,,58083921,82363,
2021-07-26,104262,1463,91055103,1219429,1066390549,9426641,691288600,4005227,189250204,13431868,880538804,,,58004213,83378,
2021-07-25,105150,1222,90953462,1217998,1062908190,2829993,681861959,1260112,185244977,4090105,867106936,,,57923508,70792,
2021-07-24,118474,1490,90850928,1216808,1059816431,7135709,679031966,3401096,183984865,10536805,863016831,,,57855400,78593,
2021-07-23,117239,1611,90735072,1215350,1056013189,5749205,671896257,3180255,180583769,8929460,852480026,,,57779493,67946,
2021-07-22,107439,1493,90620454,1213771,1052396125,7371723,666147052,3759205,177403514,11130928,843550566,,,57714256,75078,
2021-07-21,117080,1478,90515645,1212310,1048429699,3085928,658775329,1671343,173644309,4757271,832419638,,,57641907,75962,
2021-07-20,124148,8492,90401202,1210864,1044732538,4646499,655689401,2604527,171972966,7251026,827662367,,,57568690,72696,
2021-07-19,99582,4729,90279689,1202404,1040914406,7947039,651042902,4331051,169368439,12278090,820411341,,,57498719,89017,
2021-07-18,105950,1373,90182746,1197707,1037234497,1050674,321202101,499104,81999435,1549778,403201536,,,57412442,75324,
2021-07-17,119106,1510,90079453,1196366,1033780255,6456962,642045189,4014062,164538284,10471024,806583473,,,57339879,81973,
2021-07-16,115762,1625,89963010,1194888,1029733498,5097464,635588227,3604734,160524222,8702198,796112449,,,57260681,85671,
2021-07-15,114492,1629,89849913,1193295,1025672965,5172905,630490763,2831982,156919488,8004887,787410251,,,57177834,77730,
2021-07-14,120536,1697,89738100,1191698,1021656453,4283333,625317858,3000321,154087506,7283654,779405364,,,57102938,76697,
2021-07-13,119324,1805,89620260,1190033,1017563033,9549170,621034525,2910173,151087185,12459343,772121710,,,57029085,82308,
2021-07-12,98493,3159,89503636,1188259,1013703008,5187498,611485355,3041588,148177012,8229086,759662367,,,56949551,93950,
2021-07-11,107324,3449,89407861,1185131,1010228916,1694579,606297857,944712,145135424,2639291,751433281,,,56858389,77078,
2021-07-10,118305,2501,89303288,1181713,1006910583,6920533,604603278,3955400,144190712,10875933,748793990,,,56784138,80635,
2021-07-09,124655,3294,89187744,1179243,1002962359,2063329,299003832,1140118,69923003,3203447,368926835,,,56706341,88164,
2021-07-08,127470,3001,89065861,1175981,998901569,10282094,595619416,4778768,139095194,15060862,734714610,,,56621101,85948,
2021-07-07,132916,2522,88941174,1173012,995074861,4585238,585337322,2701880,134316426,7287118,719653748,,,56538092,86748,
2021-07-06,131697,2646,88811055,1170522,991058658,4565035,580752084,2281514,131614546,6846549,712366630,,,56454277,92566,
2021-07-05,110070,2009,88682165,1167908,987233574,5144910,576187049,3365941,129333032,8510851,705520081,,,56364662,101331,
2021-07-04,114529,1987,88574925,1165931,983855016,3410422,571042139,1338278,125967091,4748700,697009230,,,56266334,82301,
2021-07-03,123874,2594,88463240,1163976,980450431,10285958,567631717,4951909,124628813,15237867,692260530,,,56187079,102187,
2021-07-02,129520,2402,88342211,1161414,976585247,3935090,557345759,1528746,119676904,5463836,677022663,,,56087951,112118,
2021-07-01,135627,2411,88215553,1159044,972341250,7637047,553410669,2305327,118148158,9942374,671558827,,,55979054,115207,
2021-06-30,141688,2819,88082802,1156665,967988653,3317880,545773622,1275160,115842831,4593040,661616453,,,55867088,120941,
2021-06-29,118464,2367,87944000,1153878,963904182,7514022,542455742,2309354,114567671,9823376,657023413,,,55749394,100269,
2021-06-28,118230,2587,87808303,1151293,960026232,6826914,534941720,1932465,112258317,8759379,647200037,,,55632804,110651,
2021-06-27,129406,2815,87692980,1148738,956485949,4211597,528114806,877859,110325852,5089456,638440658,,,55525453,113534,
2021-06-26,143629,3449,87566498,1145955,952496526,12442271,523903209,2449103,109447993,14891374,633351202,,,55415243,111889,
2021-06-25,145041,3593,87425810,1142538,947973051,11804614,511460938,1900069,106998890,13704683,618459828,,,55306694,121758,
2021-06-24,149576,3787,87283723,1138977,943673142,11444294,499656324,1559696,105098821,13003990,604755145,,,55188312,124988,
2021-06-23,157272,3940,87137115,1135222,939873868,9463472,488212030,1031511,103539125,10494983,591751155,,,55066726,133827,
2021-06-22,152666,3985,86982812,1131314,935877505,11054390,478748558,1360434,102507614,12414824,581256172,,,54936312,133764,
2021-06-21,134044,3644,86833119,1127361,931907271,16142657,467694168,1610751,101147180,17753408,568841348,,,54806046,159295,
2021-06-20,147201,3968,86702081,1123749,928482766,6102674,451551511,618123,99536429,6720797,551087940,,,54650284,151577,
2021-06-19,166764,4523,86557917,1119812,925171303,7735591,445448837,1118358,98918306,8853949,544367143,,,54502259,169102,
2021-06-18,175812,4807,86394201,1115319,921200146,6016711,437713246,793985,97799948,6810696,535513194,,,54336798,189872,
2021-06-17,181959,4763,86221451,1110542,917002555,7135775,431696535,949723,97005963,8085498,528702498,,,54150630,170787,
2021-06-16,193095,6165,86042584,1105810,912916441,5778138,424560760,789633,96056240,6567771,520617000,,,53983572,201631,
2021-06-15,187421,7352,85852613,1099676,908870108,4774512,418782622,694685,95266607,5469197,514049229,,,53785706,210623,
2021-06-14,178612,7934,85668349,1092357,904944147,6794691,414008110,726254,94571922,7520945,508580032,,,53578879,227893,
2021-06-13,199954,10488,85492937,1084455,901342749,4393751,407213419,501744,93845668,4895495,501059087,,,53354795,231016,
2021-06-12,227076,10425,85296217,1074000,897868304,5442346,402819668,633875,93343924,6076221,496163592,,,53127594,256623,
2021-06-11,245295,11212,85072403,1063607,893795808,6267409,397377322,664987,92710049,6932396,490087371,,,52874800,236555,
2021-06-10,262661,10701,84830386,1052427,889573983,6131414,391109913,649609,92045062,6781023,483154975,,,52642097,262337,
2021-06-09,274113,15561,84571007,1041758,885327063,6203468,384978499,637058,91395453,6840526,476373952,,,52383733,290392,
2021-06-08,273923,10477,84300221,1026228,881158612,5403701,378775031,646210,90758395,6049911,469533426,,,52097410,316850,
2021-06-07,259394,6261,84029659,1015782,877062352,5306253,373371330,552733,90112185,5858986,463483515,,,51784652,354032,
2021-06-06,285074,6903,83773675,1009551,873289078,3679758,368065077,253805,89559452,3933563,457624529,,,51434815,338054,
2021-06-05,323599,7644,83492072,1002679,869605126,4984474,364385319,437877,89305647,5422351,453690966,,,51101056,369272,
2021-06-04,347964,9265,83171959,995067,863768078,8341508,359400845,669323,88867770,9010831,448268615,,,50736096,385424,
2021-06-03,378348,8677,82827554,985835,857742029,5249813,351059337,477100,88198447,5726913,439257784,,,50354970,402952,
2021-06-02,393319,8292,82452822,977190,851808071,4533872,345809524,497929,87721347,5031801,433530871,,,49956282,414062,
2021-06-01,392121,9121,82063177,968928,845838156,4605425,341275652,580447,87223418,5185872,428499070,,,49546625,450571,
2021-05-31,379411,8555,81674762,959839,840425926,4176559,336670227,491243,86642971,4667802,423313198,,,49100438,497595,
2021-05-30,427624,8859,81299137,951316,836545307,2435203,332493668,228482,86151728,2663685,418645396,,,48607241,461801,
2021-05-29,472776,9776,80875359,942490,832743132,6391366,330058465,694954,85923246,7086320,415981711,,,48149746,516416,
2021-05-28,502262,10367,80406476,932748,828449905,4749531,323667099,389419,85228292,5138950,408895391,,,47637647,556143,
2021-05-27,533847,10651,79908161,922413,824102657,5416724,318917568,378632,84838873,5795356,403756441,,,47085799,526710,
2021-05-26,596376,11041,79378317,911793,819796818,4553746,313500844,397477,84460241,4951223,397961085,,,46563358,549938,
2021-05-25,616227,11809,78785999,900781,815293799,3121399,308947098,334868,84062764,3456267,393009862,,,46017611,574538,
2021-05-24,589325,10785,78173842,889002,810841756,4572030,305825699,355559,83727896,4927589,389553595,,,45447116,635799,
2021-05-23,632294,12058,77588631,878250,806716239,1798539,301253669,125806,83372337,1924345,384626006,,,44815204,583806,
2021-05-22,690210,11577,76960487,866227,802611334,4037478,299455130,544184,83246531,4581662,382701661,,,44235159,689672,
2021-05-21,740101,11710,76274427,854683,798205775,1298374,148793000,187830,41440114,1486204,190233114,,,43548986,692068,
2021-05-20,759425,12188,75538512,843008,793888174,5867246,294119278,472522,82514517,6339768,376633795,,,42860347,692845,
2021-05-19,795905,11515,74783324,830856,789620933,2101648,288252032,311089,82041995,2412737,370294027,,,42170789,715256,
2021-05-18,793941,12443,73991697,819377,785292105,2334101,286150384,388147,81730906,2722248,367881290,,,41458689,755485,
2021-05-17,777076,12635,73202038,806968,781132421,2604914,283816283,480531,81342759,3085445,365159042,,,40705966,816801,
2021-05-16,810734,12097,72429262,794376,777339538,1254734,281211369,150977,80862228,1405711,362073597,,,39891678,730702,
2021-05-15,883913,11730,71622861,782319,458874710,2418751,279956635,1241957,80711251,3660708,360667886,,,39163275,697454,
2021-05-14,944068,11355,70743163,770629,769884023,1430141,277537884,1013421,79469294,2443562,357007178,,,38467814,675368,
2021-05-13,987394,11367,69803371,759313,766124072,2341598,276107743,2051649,78455873,4393247,354563616,,,37793906,658571,
2021-05-12,1040007,11720,68820128,747982,762118538,2284539,273766145,1867891,76404224,4152430,350170369,,,37136937,674511,
2021-05-11,1031459,11912,67784210,736298,758098527,2488638,271481606,2790401,74536333,5279039,346017939,,,36463828,679746,
2021-05-10,980592,11440,66756760,724422,754053019,2424793,268992968,2893820,71745932,5318613,340738900,,,35785081,681152,
2021-05-09,1035713,10904,65779958,713013,750345645,912491,266568175,635211,68852112,1547702,335420287,,,35104487,675200,
2021-05-08,1139090,11409,64747830,702139,746893928,1937811,265655684,2450888,68216901,4388699,333872585,,,34429595,735429,
2021-05-07,1172672,11996,63612112,690759,742874198,2257835,263717873,2690532,65766013,4948367,329483886,,,33694114,609689,
2021-05-06,1192451,11499,62442601,678794,738822566,2438317,261460038,2681810,63075481,5120127,324535519,,,33084043,620842,
2021-05-05,1200422,11346,61253006,667326,734763328,2029828,259021721,2155704,60393671,4185532,319415392,,,32462271,625164,
2021-05-04,1140146,11057,60055033,656016,730699295,1745383,256991893,1471155,58237967,3216538,315229860,,,31836258,640608,
2021-05-03,1060066,10058,58916974,644996,727099001,1842214,255246510,1751520,56766812,3593734,312013322,,,31194283,603388,
2021-05-02,1062308,9729,57858670,634970,723602919,577924,253404296,388650,55015292,966574,308419588,,,30589212,562129,
2021-05-01,1110636,10216,56797923,625267,720079485,2063711,252826372,1379353,54626642,3443064,307453014,,,30025352,575553,
2021-04-30,1151849,10247,55688400,615074,716099223,3131866,250762661,2329638,53247289,5461504,304009950,,,29447923,560025,
2021-04-29,1133407,9993,54537362,604847,711985299,2545297,247630795,1881703,50917651,4427000,298548446,,,28885826,546619,
2021-04-28,1101314,10297,53404547,594869,707909185,2552449,245085498,1800214,49035948,4352663,294121446,,,28337001,513227,
2021-04-27,1061566,9706,52303516,584583,704040955,2941364,242533049,1952760,47235734,4894124,289768783,,,27821204,494241,
2021-04-26,964521,8309,51241862,574880,700267436,4181897,239591685,2501875,45282974,6683772,284874659,,,27324465,466763,
2021-04-25,993468,7936,50276943,566572,696820297,4895759,235409788,2527969,42781099,7423728,278190887,,,26855335,408076,
2021-04-24,1011845,7885,49282843,558635,693368485,1640191,116929760,882518,21082791,2522709,138012551,,,26444945,402135,
2021-04-23,1002141,7578,48270001,550742,689546927,1857660,115289569,1021493,20200273,2879153,135489842,,,26040509,409862,
2021-04-22,972582,6750,47266612,543156,685616052,3830330,227016178,2401014,38349119,6231344,265365297,,,25628353,358398,
2021-04-21,925478,6147,46292481,536395,681857640,3515294,223185848,1210574,35948105,4725868,259133953,,,25267599,327497,
2021-04-20,861843,5797,45365312,530237,678184163,1981179,110011373,984598,17267599,2965777,127278972,,,24937895,307731,
2021-04-19,775160,5234,44501498,524426,674618128,4570452,217689375,1960304,33752933,6530756,251442308,,,24627833,281094,
2021-04-18,773045,4788,43724329,519178,671422631,1881012,213118923,577746,31792629,2458758,244911552,,,24344197,261503,
2021-04-17,761357,4404,42949202,514377,668169175,4039305,211237911,1305726,31214883,5345031,242452794,,,24080095,254953,
2021-04-16,701045,3996,42185655,509957,664698669,4111362,207198606,1286206,29909157,5397568,237107763,,,23822352,228326,
2021-04-15,643473,3558,41482461,505944,661404618,4333839,203087244,1098179,28622951,5432018,231710195,,,23591529,218429,
2021-04-14,592651,3114,40836803,502366,658275507,5754007,198753405,870809,27524772,6624816,226278177,,,23370555,172628,
2021-04-13,549832,2973,40241923,499231,655230143,4511761,192999398,751302,26653963,5263063,219653361,,,23195331,152326,
2021-04-12,487821,2685,39689824,496237,652074118,6904422,188487637,1072177,25902661,7976599,214390298,,,23040468,181842,
2021-04-11,483322,2595,39199792,493531,649139700,5402348,181583215,462506,24830484,5864854,206413699,,,22856062,141604,
2021-04-10,458707,2503,38714234,490913,646204010,6236477,176180867,769335,24367978,7005812,200548845,,,22711895,171133,
2021-04-09,427747,2304,38253193,488387,643158884,6595214,169944390,836200,23598643,7431414,193543033,,,22538251,146129,
2021-04-08,395498,2335,37823067,486060,640354314,7354901,163349176,837473,22762443,8192374,186111619,,,22389608,116635,
2021-04-07,372993,2093,37425220,483702,637421336,5629312,155994275,541834,21924970,6171146,177919245,,,22270450,111723,
2021-04-06,347063,1893,37049803,481587,634687001,7319993,150364963,624031,21383136,7944024,171748099,,,22156271,113980,
2021-04-05,300665,1473,36700174,479671,632032179,7185888,143044970,748210,20759105,7934098,163804075,,,22039841,94077,
2021-04-04,295595,1344,36396863,478175,629633429,5878435,135859082,370050,20010895,6248485,155869977,,,21943333,99831,
2021-04-03,281405,1462,36098682,476808,627412631,5307550,129980647,480178,19640845,5787728,149621492,,,21841065,114086,
2021-04-02,263299,1887,35814696,475323,624984939,7864432,124673097,658098,19160667,8522530,143833764,,,21724537,83208,
2021-04-01,244810,1605,35548856,473412,622671763,6721364,116808665,539128,18502569,7260492,135311234,,,21638897,96586,
2021-03-31,219945,1339,35301489,471783,620329962,3579181,110087301,448267,17963441,4027448,128050742,,,21539863,77352,
2021-03-30,174255,1135,35079023,470420,618136946,3553801,106508120,312058,17515174,3865859,124023294,,,21460064,77719,
2021-03-29,160564,851,34902285,469261,616245901,1102122,102954319,61468,17203116,1163590,120157435,,,21379900,69570,
2021-03-28,187190,818,34739249,468385,614537585,430849,101852197,46877,17141648,477726,118993845,,,21307908,60629,
2021-03-27,188226,873,34549586,467542,612476625,4021322,101421348,242073,17094771,4263395,118516119,,,21244857,53561,
2021-03-26,182349,858,34358891,466644,610128692,4838554,97400026,318192,16852698,5156746,114252724,,,21188868,56810,
2021-03-25,175506,770,34174071,465762,607781106,4298344,92561472,364830,16534506,4663174,109095978,,,21129637,62155,
2021-03-24,161389,721,33996092,464968,605525279,4216503,88263128,331102,16169676,4547605,104432804,,,21065058,49525,
2021-03-23,143611,768,33832241,464223,603324716,4185929,84046625,436441,15838574,4622370,99885199,,,21013109,44394,
2021-03-22,124584,634,33686179,463431,601226128,6102372,79860696,696892,15402133,6799264,95262829,,,20966306,56192,
2021-03-21,130765,591,33559139,462772,599352898,898230,73758324,26084,14705241,924314,88463565,,,20907701,39040,
2021-03-20,130598,571,33425922,462155,363874562,4555781,72860094,479119,14679157,5034900,87539251,,,20866257,42599,
2021-03-19,121891,538,33292867,461558,595239928,4818222,68304313,579308,14200038,5397530,82504351,,,20821255,44062,
2021-03-18,116705,467,33168524,460994,593156354,3635846,63486091,711737,13620730,4347583,77106821,,,20774789,37677,
2021-03-17,107911,461,33049367,460501,591083500,3460683,59850245,653812,12908993,4114495,72759238,,,20734710,32517,
2021-03-16,90301,511,32939006,460014,589032461,3541676,56389562,646419,12255181,4188095,68644743,,,20699790,32495,
2021-03-15,74596,416,32846258,459477,587178013,5233677,52847886,803617,11608762,6037294,64456648,,,20664893,37320,
2021-03-14,74231,341,32769214,459035,585558136,288959,47614209,49193,10805145,338152,58419354,,,20625170,32104,
2021-03-13,73299,399,32692533,458668,583997854,2445451,47325250,560315,10755952,3005766,58081202,,,20590664,29931,
2021-03-12,71769,408,32616790,458243,582289879,3264797,44879799,817514,10195637,4082311,55075436,,,20558331,36865,
2021-03-11,68260,343,32542582,457809,580664809,781786,41615002,147275,9378123,929061,50993125,,,20519064,27235,
2021-03-10,65796,331,32471885,457440,579055153,2032818,40833216,567515,9230848,2600333,50064064,,,20489432,33316,
2021-03-09,55522,352,32403657,457082,577417720,2081599,38800398,593007,8663333,2674606,47463731,,,20453720,38329,
2021-03-08,45691,253,32345703,456703,575860955,3383968,36718799,604759,8070326,3988727,44789125,,,20412996,30084,
2021-03-07,49616,239,32297578,456423,352503251,114059,33334831,13843,7465567,127902,40800398,,,20380515,25556,
2021-03-06,52955,266,32245533,456157,573110001,2278628,33220772,504640,7451724,2783268,40672496,,,20352564,25678,
2021-03-05,52255,283,32190154,455864,571524430,2320443,30942144,583299,6947084,2903742,37889228,,,20324488,25433,
2021-03-04,48960,301,32135476,455554,569900257,2033154,28621701,662195,6363785,2695349,34985486,,,20296654,24798,
2021-03-03,48660,256,32084095,455226,568281213,1577514,26588547,324189,5701590,1901703,32290137,,,20269473,25287,
2021-03-02,44446,255,32033013,454943,566659113,1206934,25011033,230886,5377401,1437820,30388434,,,20241814,23445,
2021-03-01,36676,249,31986150,454660,565064816,752079,23804099,280466,5146515,1032545,28950614,,,20215995,22150,
2021-02-28,40584,274,31947052,454383,563659789,56406,23052020,2313,4866049,58719,27918069,,,20191466,19736,
2021-02-27,46087,296,31904047,454081,562240991,235812,22995614,249795,4863736,485607,27859350,,,20169356,20578,
2021-02-26,46773,305,31855535,453758,560590838,637519,22759802,761012,4613941,1398531,27373743,,,20146403,22701,
2021-02-25,46619,320,31806338,453426,558861923,651945,22122283,793925,3852929,1445870,25975212,,,20121324,21664,
2021-02-24,47307,365,31757297,453078,557219063,534462,21470338,376183,3059004,910645,24529342,,,20097285,21278,
2021-02-23,41341,310,31707568,452684,555657853,497113,20935876,344115,2682821,841228,23618697,,,20073630,25282,
2021-02-22,31954,224,31663801,452345,554127208,475024,20438763,441990,2338706,917014,22777469,,,20045964,23601,
2021-02-21,36277,215,31629428,452093,552830738,181382,19963739,93724,1896716,275106,21860455,,,20019972,16679,
2021-02-20,39166,234,31590738,451852,551490286,486110,19782357,225853,1802992,711963,21585349,,,20000924,19964,
2021-02-19,39201,261,31549160,451592,550047174,564401,19296247,523467,1577139,1087868,20873386,,,19978591,17591,
2021-02-18,37603,267,31507549,451305,548473456,1022805,18731846,359028,1053672,1381833,19785518,,,19958625,19069,
2021-02-17,36066,267,31467540,451012,546948887,500993,17709041,211496,694644,712489,18403685,,,19937183,21345,
2021-02-16,33308,266,31429072,450719,545483415,361452,17208048,228473,483148,589925,17691196,,,19913465,20886,
2021-02-15,27006,231,31393362,450427,544129372,657094,16846596,222876,254675,879970,17101271,,,19890201,20713,
2021-02-14,29693,231,31363949,450171,542935769,19543,8144716,718,24131,20261,8168847,,,19867106,16147,
2021-02-13,33235,240,31331852,449915,541733683,334174,16169959,23413,31081,365255,16201040,,,19848611,19370,
2021-02-12,33623,269,31296212,449650,540206043,910764,15835785,0,0,910764,15835785,,,19826892,19836,
2021-02-11,28021,243,31260187,449356,538623141,965159,14925021,0,0,965159,14925021,,,19804702,28696,
2021-02-10,31563,275,31229765,449087,537018946,803978,13959862,0,0,803978,13959862,,,19773643,20782,
2021-02-09,31589,266,31195807,448786,535475306,701378,13155884,0,0,701378,13155884,,,19750503,22965,
2021-02-08,25742,219,31161825,448494,533949306,891839,12454506,0,0,891839,12454506,,,19725170,24285,
2021-02-07,29899,216,31133689,448249,532622195,74080,11562667,0,0,74080,11562667,,,19698517,20620,
2021-02-06,33134,202,31101399,448006,531312957,715396,11488587,0,0,715396,11488587,,,19675529,20657,
2021-02-05,32614,236,31065872,447777,529760618,912707,10773191,0,0,912707,10773191,,,19652489,26117,
2021-02-04,33616,294,31030867,447514,528170339,1018592,9860484,0,0,1018592,9860484,,,19623984,28634,
2021-02-03,35378,296,30994863,447194,526587766,619662,8841892,0,0,619662,8841892,,,19592962,32664,
2021-02-02,32078,299,30957098,446872,525038920,375937,8222230,0,0,375937,8222230,,,19557913,25538,
2021-02-01,25439,266,30922634,446547,523547626,380727,7846293,0,0,380727,7846293,,,19529990,23766,
2021-01-31,28849,293,30894806,446255,522158817,29018,7465566,0,0,29018,7465566,,,19503840,20689,
2021-01-30,34593,333,30863572,445936,520547689,486572,7436548,0,0,486572,7436548,,,19480766,24775,
2021-01-29,36132,364,30826589,445577,518841298,1142271,6949976,0,0,1142271,6949976,,,19453583,26270,
2021-01-28,46330,426,30788068,445188,517025209,1142072,5807705,0,0,1142072,5807705,,,19424898,35799,
2021-01-27,40130,370,30739025,444737,515291814,650348,4665633,0,0,650348,4665633,,,19386397,26246,
2021-01-26,35182,360,30697459,444342,513636679,11292,4015285,0,0,11292,4015285,,,19358827,24366,
2021-01-25,28988,336,30660843,443957,512092963,813269,4003993,0,0,813269,4003993,,,19333143,30030,
2021-01-24,33584,342,30630420,443596,510416779,66466,3190724,0,0,66466,3190724,,,19301781,23966,
2021-01-23,40910,401,30595398,443229,508703903,380000,3124258,0,0,380000,3124258,,,19276484,29664,
2021-01-22,41362,419,30553045,442803,506738343,689487,2744258,0,0,689487,2744258,,,19245497,31986,
2021-01-21,41113,436,30510230,442359,504819092,468743,2054771,0,0,468743,2054771,,,19212183,33326,
2021-01-20,42880,427,30467658,441897,502881251,294793,1586028,0,0,294793,1586028,,,19177531,37739,
2021-01-19,40538,432,30423314,441444,500969855,397154,1291235,0,0,397154,1291235,,,19138464,32163,
2021-01-18,31744,397,30381306,440986,499033905,478599,894081,0,0,478599,894081,,,19104979,31686,
2021-01-17,35728,386,30348067,440563,497437674,33120,224301,,,33120,224301,,,19071964,26570,
2021-01-16,41600,463,30310873,440151,495673354,191181,382362,,0,191181,382362,,,19044043,31758,
2021-01-15,43183,487,30267795,439662,493807173,,0,,,,0,,,19010932,31202,
2021-01-14,44181,515,30223130,439149,491914036,,,,,,,,,18978338,29327,
2021-01-13,47110,550,30177474,438607,489824612,,,,,,,,,18947620,32794,
2021-01-12,46271,552,30128881,438030,487348746,,,,,,,,,18913424,32942,
2021-01-11,38673,486,30081131,437451,486599835,,,,,,,,,18879140,34370,
2021-01-10,42285,423,30040970,436938,485036107,,,,,,,,,18843431,30702,
2021-01-09,51302,536,29997196,436488,482965180,,,,,,,,,18811373,36004,
2021-01-08,52888,616,29944387,435925,480740402,,,,,,,,,18774020,35312,
2021-01-07,51726,637,29889987,435282,481247232,,,,,,,,,18737344,38130,
2021-01-06,56161,630,29836763,434618,475907816,,,,,,,,,18697813,36277,
2021-01-05,53578,698,29779100,433962,473497809,,,,,,,,,18660135,38923,
2021-01-04,48916,612,29724003,433238,471078784,,,,,,,,,18619798,55101,
2021-01-03,47060,582,29673548,432600,469086403,,,,,,,,,18563282,36183,
2021-01-02,50016,598,29624950,431991,466538340,,,,,,,,,18525689,38848,
2021-01-01,55486,633,29573381,431366,464164998,,,,,,,,,18485425,44411,
2020-12-31,54117,661,29516341,430706,462186571,,,,,,,,,18439581,40802,
2020-12-30,60741,794,29460666,430018,459458130,,,,,,,,,18397348,49223,
2020-12-29,59749,798,29398356,429196,456623311,,,,,,,,,18346686,49606,
2020-12-28,49968,723,29337035,428370,453588368,,,,,,,,,18295634,46048,
2020-12-27,53790,759,29285478,427618,451390673,,,,,,,,,18248070,38723,
2020-12-26,54043,774,29230091,426830,449282934,,,,,,,,,18207836,39207,
2020-12-25,60007,713,29174438,426027,447084731,,,,,,,,,18167115,40276,
2020-12-24,65328,842,29112823,425285,446947126,,,,,,,,,18125330,45413,
2020-12-23,68753,897,29045874,424414,444229832,,,,,,,,,18078395,55565,
2020-12-22,68713,904,28975504,423488,439615497,,,,,,,,,18021306,49765,
2020-12-21,59009,874,28905166,422560,436843473,,,,,,,,,17969982,55801,
2020-12-20,64999,898,28844527,421662,434520492,,,,,,,,,17912595,47130,
2020-12-19,73867,950,28777900,420740,432393369,,,,,,,,,17863885,54138,
2020-12-18,76260,1010,28702395,419766,429714305,,,,,,,,,17808130,54459,
2020-12-17,74435,950,28624498,418732,426830997,,,,,,,,,17752051,56403,
2020-12-16,55789,975,28548410,417758,424237564,,,,,,,,,17693978,61249,
2020-12-15,71999,1037,28490944,416759,421429704,,,,,,,,,17631069,62212,
2020-12-14,66204,1000,28417256,415698,418630828,,,,,,,,,17567203,61946,
2020-12-13,71785,958,28349353,414674,416355107,,,,,,,,,17503572,55582,
2020-12-12,82598,1031,28275864,413691,413906868,,,,,,,,,17446311,59851,
2020-12-11,84520,1172,28191530,412635,411169446,,,,,,,,,17384748,61192,
2020-12-10,84015,1165,28105252,411438,256940663,,,,,,,,,17321763,68723,
2020-12-09,86891,1144,28019472,410248,405768702,,,,,,,,,17251449,68045,
2020-12-08,89470,1123,27930819,409080,402506143,,,,,,,,,17181813,66495,
2020-12-07,79781,1064,27839576,407934,399479847,,,,,,,,,17113711,71379,
2020-12-06,86754,1053,27757986,406846,397107701,,,,,,,,,17040664,70050,
2020-12-05,98152,1229,27669423,405769,394311893,,,,,,,,,16968942,75256,
2020-12-04,101851,1387,27569451,404516,390719704,,,,,,,,,16892019,76099,
2020-12-03,102507,1466,27465785,403104,386911647,,,,,,,,,16814271,77591,
2020-12-02,100237,1468,27361437,401613,383776140,,,,,,,,,16734996,72983,
2020-12-01,100974,1390,27259325,400119,380901571,,,,,,,,,16660320,77746,
2020-11-30,91901,1305,27156469,398701,378251623,,,,,,,,,16580805,74941,
2020-11-29,100632,1249,27062690,397367,375871588,,,,,,,,,16504105,80270,
2020-11-28,113507,1344,26960167,396089,372891892,,,,,,,,,16422093,74186,
2020-11-27,115216,1315,26844761,394716,369690683,,,,,,,,,16346186,72774,
2020-11-26,118387,1331,26727652,393372,366831032,,,,,,,,,16271679,70873,
2020-11-25,123251,1370,26607369,392012,363397527,,,,,,,,,16199064,63968,
2020-11-24,122785,1341,26482222,390611,360069019,,,,,,,,,16133360,66799,
2020-11-23,111341,1271,26357539,389239,357108510,,,,,,,,,16064803,73076,
2020-11-22,116040,1328,26244268,387937,354436092,,,,,,,,,15989938,72365,
2020-11-21,124562,1354,26126296,386576,351432694,,,,,,,,,15915789,76784,
2020-11-20,127032,1460,25999788,385189,348763649,,,,,,,,,15837194,85110,
2020-11-19,126815,1587,25870782,383696,346161889,,,,,,,,,15750273,79311,
2020-11-18,125082,1560,25741996,382076,343198385,,,,,,,,,15669162,85737,
2020-11-17,112115,1378,25614955,380482,340230494,,,,,,,,,15581581,80215,
2020-11-16,88595,1226,25500886,379071,337779240,,,,,,,,,15499518,72343,
2020-11-15,83737,1166,25410318,377812,335699509,,,,,,,,,15425319,75753,
2020-11-14,102502,1185,25324608,376613,333760473,,,,,,,,,15347699,72433,
2020-11-13,118597,1331,25220121,375395,331726797,,,,,,,,,15273372,83907,
2020-11-12,122521,1450,25099537,374032,329170165,,,,,,,,,15187578,86879,
2020-11-11,128528,1502,24975044,372552,326143093,,,,,,,,,15098826,92762,
2020-11-10,124974,1433,24844546,371018,323231009,,,,,,,,,15004202,97594,
2020-11-09,109485,1287,24717606,369554,320707256,,,,,,,,,14904757,70844,
2020-11-08,119117,1299,24606166,368237,317904641,,,,,,,,,14832059,85919,
2020-11-07,125665,1470,24485092,366908,315382570,,,,,,,,,14744380,86061,
2020-11-06,134216,1600,24357463,365408,312582242,,,,,,,,,14656700,97021,
2020-11-05,134032,1791,24221270,363778,309937626,,,,,,,,,14558006,98440,
2020-11-04,136586,1977,24085264,361957,307068197,,,,,,,,,14457870,101205,
2020-11-03,130637,1628,23946684,359964,304278058,,,,,,,,,14354924,98282,
2020-11-02,113035,1449,23814062,358334,300915586,,,,,,,,,14254874,106956,
2020-11-01,119905,1418,23699043,356902,298264050,,,,,,,,,14146072,97138,
2020-10-31,129822,1384,23577157,355501,293807006,,,,,,,,,14047080,105539,
2020-10-30,132264,1514,23445329,354132,291168957,,,,,,,,,13939578,108104,
2020-10-29,134998,1628,23311076,352633,288295704,,,,,,,,,13829375,105808,
2020-10-28,138395,1540,23174081,351017,285697364,,,,,,,,,13721329,102889,
2020-10-27,126848,1476,23033700,349488,283020409,,,,,,,,,13616186,106387,
2020-10-26,109379,1422,22904809,348023,280430846,,,,,,,,,13507419,115874,
2020-10-25,119905,1405,22793362,346611,278319730,,,,,,,,,13389022,106606,
2020-10-24,136908,1586,22671398,345215,276033221,,,,,,,,,13279998,112531,
2020-10-23,148825,1835,22532426,343637,273340001,,,,,,,,,13165153,123304,
2020-10-22,152849,1961,22381564,341810,272164258,,,,,,,,,13039485,139312,
2020-10-21,157557,2032,22226703,339857,266988066,,,,,,,,,12897960,148689,
2020-10-20,155416,2060,22067132,337833,263821860,,,,,,,,,12747165,114676,
2020-10-19,138173,1874,21909711,335780,261097446,,,,,,,,,12630379,129555,
2020-10-18,151546,1698,21769556,333911,258622515,,,,,,,,,12498808,123870,
2020-10-17,170563,2574,21616058,332218,256004219,,,,,,,,,12373097,135451,
2020-10-16,177213,2655,21443520,329649,253205046,,,,,,,,,12235676,131755,
2020-10-15,180001,2538,21264407,326996,250541210,,,,,,,,,12101963,131569,
2020-10-14,189337,2192,21082543,324459,247726415,,,,,,,,,11968535,153894,
2020-10-13,185577,2060,20891398,322264,245469753,,,,,,,,,11812849,139507,
2020-10-12,164690,2069,20704056,320201,242509673,,,,,,,,,11671606,146565,
2020-10-11,182810,2264,20537609,318128,239116208,,,,,,,,,11523370,133101,
2020-10-10,206712,2567,20353120,315859,236324358,,,,,,,,,11388687,168088,
2020-10-09,212008,2687,20144758,313287,233557797,,,,,,,,,11219101,154426,
2020-10-08,205846,2772,19931141,310595,230805430,,,,,,,,,11062787,146551,
2020-10-07,218372,2799,19723705,307817,227430415,,,,,,,,,10914433,152586,
2020-10-06,213141,2850,19503725,305012,224584452,,,,,,,,,10760054,153021,
2020-10-05,184506,2684,19289022,302159,221569577,,,,,,,,,10606054,141381,
2020-10-04,202237,2597,19103053,299469,218881505,,,,,,,,,10463852,143575,
2020-10-03,216397,2683,18899436,296866,216199178,,,,,,,,,10319358,152830,
2020-10-02,225767,2991,18681669,294176,214028690,,,,,,,,,10165558,141802,
2020-10-01,232821,3161,18454628,291177,211205031,,,,,,,,,10022782,146374,
2020-09-30,242413,3344,18220558,288008,208271024,,,,,,,,,9875667,159718,
2020-09-29,235728,3423,17976906,284656,204779253,,,,,,,,,9715393,162480,
2020-09-28,209832,2641,17740040,281226,201694117,,,,,,,,,9552361,159392,
2020-09-27,226796,2747,17529046,278577,198436909,,,,,,,,,9392706,139245,
2020-09-26,248667,3186,17301215,275821,195940464,,,,,,,,,9253238,172798,
2020-09-25,248620,3232,17051470,272635,193554738,,,,,,,,,9080211,175783,
2020-09-24,245763,3291,16801897,269405,190107708,,,,,,,,,8904114,151451,
2020-09-23,248128,3298,16555157,266116,186071704,,,,,,,,,8752436,162510,
2020-09-22,241886,3216,16306140,262820,182833570,,,,,,,,,8589600,169395,
2020-09-21,223169,3105,16063492,259606,179787213,,,,,,,,,8419890,194232,
2020-09-20,239575,3239,15839563,256503,177341249,,,,,,,,,8225325,176299,
2020-09-19,259993,3339,15599230,253266,174699030,,,,,,,,,8048700,178455,
2020-09-18,266408,3491,15338504,249928,171579591,,,,,,,,,7869920,181404,
2020-09-17,275422,3498,15071336,246437,168919169,,,,,,,,,7688147,165969,
2020-09-16,279811,3366,14795270,242940,166154933,,,,,,,,,7521847,156235,
2020-09-15,268046,3600,14514960,239575,163684617,,,,,,,,,7365306,156733,
2020-09-14,244481,3313,14246357,235976,160260513,,,,,,,,,7208253,148925,
2020-09-13,259615,3257,14001433,232664,157562035,,,,,,,,,7059046,145787,
2020-09-12,268696,3270,13741390,229408,155016963,,,,,,,,,6912999,146057,
2020-09-11,277456,3443,13472212,226138,152147616,,,,,,,,,6766737,153688,
2020-09-10,278544,3543,13194371,222695,149818749,,,,,,,,,6612810,133469,
2020-09-09,275819,3469,12915476,219152,146282618,,,,,,,,,6479148,137195,
2020-09-08,264444,3317,12639340,215683,143262591,,,,,,,,,6341890,141774,
2020-09-07,231095,3292,12374589,212366,140281196,,,,,,,,,6200083,139486,
2020-09-06,249545,3070,12143190,209073,137518526,,,,,,,,,6060567,131110,
2020-09-05,261404,3030,11893315,206002,135058422,,,,,,,,,5929473,138353,
2020-09-04,254425,3133,11631654,202971,132004252,,,,,,,,,5791169,132105,
2020-09-03,243903,3192,11376964,199838,129414451,,,,,,,,,5659070,127714,
2020-09-02,238321,3081,11132822,196646,126564926,,,,,,,,,5531424,128796,
2020-09-01,230923,3044,10894261,193565,123683112,,,,,,,,,5402678,118587,
2020-08-31,208007,2622,10663133,190522,120942423,,,,,,,,,5284137,122937,
2020-08-30,220322,2684,10454959,187901,118189479,,,,,,,,,5161223,115467,
2020-08-29,226866,2817,10234520,185218,115904470,,,,,,,,,5045776,124095,
2020-08-28,223200,2935,10007521,182402,112983484,,,,,,,,,4921693,122873,
2020-08-27,221905,3095,9784211,179468,110231490,,,,,,,,,4798834,113700,
2020-08-26,220872,3018,9562202,176374,107427583,,,,,,,,,4685147,106983,
2020-08-25,202028,3095,9341275,173357,104615923,,,,,,,,,4578159,122596,
2020-08-24,180844,2723,9139177,170263,102423144,,,,,,,,,4455559,126251,
2020-08-23,178242,2490,8958278,167540,100125237,,,,,,,,,4329297,106277,
2020-08-22,194960,2620,8780022,165049,98049143,,,,,,,,,4223030,111725,
2020-08-21,200844,2761,8585053,162427,95677672,,,,,,,,,4111309,118943,
2020-08-20,200864,2856,8384151,159664,93130689,,,,,,,,,3992383,117336,
2020-08-19,200677,2891,8183235,156806,90877952,,,,,,,,,3875071,112363,
2020-08-18,193013,3124,7982504,153913,88273599,,,,,,,,,3762732,115032,
2020-08-17,167635,2799,7789413,150787,86140356,,,,,,,,,3647726,111187,
2020-08-16,167096,2725,7621741,147986,84058376,,,,,,,,,3536567,108760,
2020-08-15,180483,2803,7454610,145259,82017376,,,,,,,,,3427836,100324,
2020-08-14,187380,2879,7274088,142454,79869638,,,,,,,,,3327542,108464,
2020-08-13,186142,2958,7086656,139573,77633934,,,,,,,,,3219116,103463,
2020-08-12,189843,2863,6900478,136613,75600342,,,,,,,,,3115688,109500,
2020-08-11,182427,2569,6710609,133748,73421237,,,,,,,,,3006221,107982,
2020-08-10,161023,2557,6528169,131177,71512585,,,,,,,,,2898281,90101,
2020-08-09,172077,2848,6367136,128618,69834567,,,,,,,,,2808223,103452,
2020-08-08,185408,2702,6195029,125768,68126040,,,,,,,,,2704817,99566,
2020-08-07,179969,2667,6009593,123064,66289367,,,,,,,,,2605301,96080,
2020-08-06,179051,2682,5829582,120396,64520992,,,,,,,,,2509273,95952,
2020-08-05,169242,2676,5650484,117713,62694685,,,,,,,,,2413392,87054,
2020-08-04,152990,2553,5481222,115036,61085087,,,,,,,,,2326410,98334,
2020-08-03,148217,2417,5328226,112482,59881915,,,,,,,,,2228149,82006,
2020-08-02,152423,2278,5180038,110064,58240683,,,,,,,,,2146205,77042,
2020-08-01,157401,2420,5027642,107785,56920909,,,,,,,,,2069242,98462,
2020-07-31,163729,2319,4870268,105364,55434040,,,,,,,,,1970859,69193,
2020-07-30,161262,2263,4706567,103044,54026472,,,,,,,,,1901728,70951,
2020-07-29,154915,2263,4545334,100780,52444720,,,,,,,,,1830839,61958,
2020-07-28,146574,2270,4390449,98516,51101169,,,,,,,,,1768943,67536,
2020-07-27,137268,1998,4243906,96245,49875145,,,,,,,,,1701473,64314,
2020-07-26,142405,2027,4106685,94246,48561596,,,,,,,,,1637206,59576,
2020-07-25,145441,2061,3964323,92218,47243552,,,,,,,,,1577670,69209,
2020-07-24,142021,2169,3818933,90156,46062861,,,,,,,,,1508504,60340,
2020-07-23,141162,2211,3676960,87986,44896351,,,,,,,,,1448193,62137,
2020-07-22,135989,2946,3535843,85774,42789574,,,,,,,,,1386077,59279,
2020-07-21,118695,2415,3399894,82827,41703911,,,,,,,,,1326814,50507,
2020-07-20,107121,1784,3281241,80411,40451961,,,,,,,,,1276326,43135,
2020-07-19,113476,1886,3174163,78626,39509046,,,,,,,,,1233208,39701,
2020-07-18,111445,1727,3060723,76739,38704142,,,,,,,,,1193515,41350,
2020-07-17,104899,1847,2949294,75011,37704475,,,,,,,,,1152177,31094,
2020-07-16,101482,1943,2844422,73163,36749741,,,,,,,,,1121098,41350,
2020-07-15,96378,1849,2742964,71219,35880337,,,,,,,,,1079761,36599,
2020-07-14,88262,1708,2646611,69369,35001427,,,,,,,,,1043183,37794,
2020-07-13,82812,1598,2558372,67660,34166995,,,,,,,,,1005416,32023,
2020-07-12,83376,1487,2475584,66061,33460689,,,,,,,,,973417,31715,
2020-07-11,81639,1523,2392223,64573,32654373,,,,,,,,,941727,34461,
2020-07-10,79624,1525,2310601,63049,31670135,,,,,,,,,907308,36136,
2020-07-09,75314,1412,2231003,61523,29987090,,,,,,,,,871210,33114,
2020-07-08,72480,1386,2155712,60110,29271642,,,,,,,,,838130,33400,
2020-07-07,65813,1378,2083254,58723,28537021,,,,,,,,,804772,29339,
2020-07-06,62770,1362,2017467,57344,27850398,,,,,,,,,775482,27004,
2020-07-05,65933,1231,1954723,55981,27291415,,,,,,,,,748526,26430,
2020-07-04,68426,1549,1888833,54749,26691401,,,,,,,,,722140,24871,
2020-07-03,66763,1426,1820450,53199,25999323,,,,,,,,,697313,24620,
2020-07-02,62449,1116,1753724,51772,25247893,,,,,,,,,672737,35468,
2020-07-01,55598,1180,1691312,50655,24663778,,,,,,,,,637311,21161,
2020-06-30,52091,1368,1635758,49474,23931454,,,,,,,,,616193,20686,
2020-06-29,52687,1276,1583708,48105,23396667,,,,,,,,,595531,22324,
2020-06-28,53529,1111,1531059,46828,22885415,,,,,,,,,573232,19243,
2020-06-27,55398,1131,1477568,45716,22353114,,,,,,,,,554011,25250,
2020-06-26,52052,1100,1422208,44584,21620956,,,,,,,,,528783,17630,
2020-06-25,49201,1112,1370193,43483,21114261,,,,,,,,,511174,23930,
2020-06-24,45488,1183,1321030,42370,20577817,,,,,,,,,487265,23342,
2020-06-23,42565,1279,1275568,41186,20006585,,,,,,,,,463944,17601,
2020-06-22,41609,1019,1233025,39906,19521522,,,,,,,,,446363,17519,
2020-06-21,41116,1091,1191439,38886,19099227,,,,,,,,,428865,15887,
2020-06-20,41132,970,1150343,37794,18598504,,,,,,,,,412999,19694,
2020-06-19,40348,960,1109232,36823,17929731,,,,,,,,,393326,15372,
2020-06-18,37482,985,1068905,35862,17306318,,,,,,,,,377975,16856,
2020-06-17,35445,947,1031444,34876,16767275,,,,,,,,,361138,12305,
2020-06-16,31131,3899,996021,33928,16346955,,,,,,,,,348849,13673,
2020-06-15,29622,2716,964911,30028,15888212,,,,,,,,,335192,19856,
2020-06-14,31575,960,935310,27311,15521715,,,,,,,,,315352,13283,
2020-06-13,33337,874,903755,26350,15185164,,,,,,,,,302080,14106,
2020-06-12,32824,944,870437,25475,14818977,,,,,,,,,287985,13065,
2020-06-11,31831,1060,837634,24530,14438393,,,,,,,,,274931,11038,
2020-06-10,30035,1019,805824,23469,14037706,,,,,,,,,263904,11714,
2020-06-09,26147,857,775810,22449,13693264,,,,,,,,,252203,10181,
2020-06-08,26973,744,749672,21591,13321123,,,,,,,,,242035,9719,
2020-06-07,28520,723,722708,20846,12865740,,,,,,,,,232327,9852,
2020-06-06,27621,795,694204,20122,12127842,,,,,,,,,222486,10285,
2020-06-05,26729,800,666600,19326,11802006,,,,,,,,,212212,8940,
2020-06-04,26635,797,639888,18526,11416757,,,,,,,,,203281,8251,
2020-06-03,25583,713,613267,17729,11087353,,,,,,,,,195039,7074,
2020-06-02,23723,665,587698,17016,10721552,,,,,,,,,187968,8443,
2020-06-01,22627,559,563992,16351,10393649,,,,,,,,,179528,7304,
2020-05-31,23085,586,541379,15792,9700930,,,,,,,,,172227,9372,
2020-05-30,22738,614,518311,15206,9427646,,,,,,,,,162855,8269,
2020-05-29,22246,642,495553,14592,9125534,,,,,,,,,154586,23007,
2020-05-28,20393,598,473312,13950,8801254,,,,,,,,,131579,6037,
2020-05-27,18924,529,452929,13352,8504646,,,,,,,,,125542,6687,
2020-05-26,16860,522,434015,12823,8166978,,,,,,,,,118855,6709,
2020-05-25,17547,445,417157,12301,7924743,,,,,,,,,112146,5707,
2020-05-24,19133,424,399612,11856,7681297,,,,,,,,,106439,6122,
2020-05-23,18825,413,380482,11432,7432205,,,,,,,,,100317,4653,
2020-05-22,18739,413,361660,11019,7171303,,,,,,,,,95664,6161,
2020-05-21,17348,408,342922,10606,6903282,,,,,,,,,89503,5830,
2020-05-20,16118,402,325573,10198,6615055,,,,,,,,,83673,5790,
2020-05-19,15547,412,309449,9796,5980124,,,,,,,,,77883,5682,
2020-05-18,14376,385,293884,9384,5479889,,,,,,,,,72201,4634,
2020-05-17,14508,418,279495,8999,5019004,,,,,,,,,67567,4722,
2020-05-16,14207,389,264973,8581,4747529,,,,,,,,,62845,7533,
2020-05-15,12043,320,250764,8192,4540949,,,,,,,,,55312,3959,
2020-05-14,11371,285,238711,7872,4321111,,,,,,,,,51353,2969,
2020-05-13,10947,351,227339,7587,4119841,,,,,,,,,48384,3452,
2020-05-12,10278,359,216389,7236,3926145,,,,,,,,,44932,3378,
2020-05-11,10286,281,206096,6877,3735451,,,,,,,,,41554,2998,
2020-05-10,11763,305,195804,6595,3576852,,,,,,,,,38556,3603,
2020-05-09,10266,328,184020,6290,3409931,,,,,,,,,34953,2469,
2020-05-08,9560,319,173729,5962,3230812,,,,,,,,,32484,2070,
2020-05-07,9492,299,164158,5643,3055359,,,,,,,,,30414,2502,
2020-05-06,10060,283,154657,5344,2890405,,,,,,,,,27912,2224,
2020-05-05,9244,344,144580,5061,2737118,,,,,,,,,25688,2484,
2020-05-04,9889,320,135327,4717,2572904,,,,,,,,,23204,1972,
2020-05-03,9814,534,125435,4397,2398188,,,,,,,,,21232,1846,
2020-05-02,7119,244,115591,3863,2256548,,,,,,,,,19383,1509,
2020-05-01,7130,226,108465,3619,2108044,,,,,,,,,17874,1761,
2020-04-30,5725,204,101321,3393,1954976,,,,,,,,,16113,1193,
2020-04-29,5215,213,95594,3189,1808766,,,,,,,,,14920,1305,
2020-04-28,5231,201,90369,2976,1682875,,,,,,,,,13615,1008,
2020-04-27,4761,187,85128,2774,1568811,,,,,,,,,12607,1126,
2020-04-26,3150,118,80348,2587,1461856,,,,,,,,,11481,585,
2020-04-25,3231,92,54175,1697,1335909,,,,,,,,,5938,442,
2020-04-24,3398,108,50944,1605,1240218,,,,,,,,,5496,484,
2020-04-23,3096,97,47546,1497,1143641,,,,,,,,,5012,642,
2020-04-22,2976,73,44450,1400,1054759,,,,,,,,,4370,394,
2020-04-21,2946,94,41474,1327,507168,,,,,,,,,3976,703,
2020-04-20,2622,83,38528,1233,928379,,,,,,,,,3273,419,
2020-04-19,2916,85,35906,1150,426794,,,,,,,,,2854,388,
2020-04-18,2924,71,32990,1065,768893,,,,,,,,,2466,426,
2020-04-17,2256,65,30066,994,707733,,,,,,,,,2040,273,
2020-04-16,2052,69,27810,929,637922,,,,,,,,,1767,258,
2020-04-15,1893,50,25758,860,566978,,,,,,,,,1509,144,
2020-04-14,1972,74,23865,810,510235,,,,,,,,,1365,167,
2020-04-13,2318,65,21893,736,458910,,,,,,,,,1198,112,
2020-04-12,1969,73,19574,671,409632,,,,,,,,,1086,114,
2020-04-11,1650,76,17605,598,367757,,,,,,,,,972,186,
2020-04-10,1780,56,15955,522,335154,,,,,,,,,786,151,
2020-04-09,1848,86,14175,466,279195,,,,,,,,,635,70,
2020-04-08,1112,50,12327,380,250191,,,,,,,,,565,96,
2020-04-07,1164,47,11215,330,222660,,,,,,,,,469,75,
2020-04-06,1336,51,10051,283,174879,,,,,,,,,394,65,
2020-04-05,963,27,8714,232,159505,,,,,,,,,329,43,
2020-04-04,1272,45,7751,205,120382,,,,,,,,,286,56,
2020-04-03,1032,23,6479,160,109810,,,,,,,,,230,39,
2020-04-02,1086,23,5447,137,87431,,,,,,,,,191,22,
2020-04-01,760,17,4360,114,59196,,,,,,,,,169,9,
2020-03-31,635,18,3600,97,0,,,,,,,,,160,19,
2020-03-30,573,19,2963,79,0,,,,,,,,,141,42,
2020-03-29,300,28,2390,60,0,,,,,,,,,99,91,
2020-03-28,228,4,2090,32,0,,,,,,,,,8,0,
2020-03-27,223,7,1862,28,0,,,,,,,,,8,2,
2020-03-26,257,3,1639,21,27688,,,,,,,,,6,0,
2020-03-25,157,4,1381,18,0,,,,,,,,,6,0,
2020-03-24,116,3,1220,14,25144,,,,,,,,,6,2,
2020-03-23,181,1,1103,11,20864,,,,,,,,,4,0,
2020-03-22,152,0,922,10,20707,,,,,,,,,4,0,
2020-03-21,152,2,768,10,16999,,,,,,,,,4,0,
2020-03-20,131,3,616,8,15701,,,,,,,,,4,1,
2020-03-19,83,0,481,5,14376,,,,,,,,,3,0,
2020-03-18,75,0,394,5,13316,,,,,,,,,3,0,
2020-03-17,40,1,319,5,13125,,,,,,,,,3,0,
2020-03-16,27,0,277,4,0,,,,,,,,,3,0,
2020-03-15,32,1,249,4,0,,,,,,,,,3,0,
2020-03-14,18,0,216,3,0,,,,,,,,,3,0,
2020-03-13,33,1,198,3,0,,,,,,,,,3,0,
2020-03-12,12,1,165,2,6500,,,,,,,,,3,0,
2020-03-11,16,1,152,1,0,,,,,,,,,3,0,
2020-03-10,28,0,136,0,0,,,,,,,,,3,0,
2020-03-09,14,0,108,0,0,,,,,,,,,3,0,
2020-03-08,11,0,89,0,0,,,,,,,,,3,0,
2020-03-07,5,0,78,0,0,,,,,,,,,3,0,
2020-03-06,6,0,70,0,0,,,,,,,,,3,0,
2020-03-05,5,0,64,0,0,,,,,,,,,3,0,
2020-03-04,3,0,59,0,0,,,,,,,,,3,0,
2020-03-03,1,0,35,0,0,,,,,,,,,3,0,
2020-03-02,19,0,33,0,0,,,,,,,,,3,0,
2020-03-01,4,0,9,0,,,,,,,,,,,,
2020-02-29,-2,0,5,0,,,,,,,,,,,,
2020-02-28,0,0,7,0,,,,,,,,,,,,
2020-02-27,0,0,7,0,,,,,,,,,,,,
2020-02-26,0,0,7,0,,,,,,,,,,,,
2020-02-25,0,0,7,0,,,,,,,,,,,,
2020-02-24,0,0,7,0,,,,,,,,,,,,
2020-02-23,0,0,7,0,,,,,,,,,,,,
2020-02-22,0,0,7,0,,,,,,,,,,,,
2020-02-21,0,0,7,0,,,,,,,,,,,,
2020-02-20,0,0,7,0,,,,,,,,,,,,
2020-02-19,0,0,7,0,,,,,,,,,,,,
2020-02-18,0,0,7,0,,,,,,,,,,,,
2020-02-17,0,0,7,0,,,,,,,,,,,,
2020-02-16,0,0,7,0,,,,,,,,,,,,
2020-02-15,0,0,7,0,,,,,,,,,,,,
2020-02-14,0,0,10,0,0,,,,,,,,,3,3,
2020-02-13,0,0,7,0,,,,,,,,,,,,
2020-02-12,0,0,7,0,,,,,,,,,,,,
2020-02-11,0,0,7,0,,,,,,,,,,,,
2020-02-10,0,0,7,0,,,,,,,,,,,,
2020-02-09,0,0,7,0,,,,,,,,,,,,
2020-02-08,0,0,7,0,,,,,,,,,,,,
2020-02-07,0,0,7,0,,,,,,,,,,,,
2020-02-06,0,0,7,0,,,,,,,,,,,,
2020-02-05,0,0,7,0,,,,,,,,,,,,
2020-02-04,0,0,7,0,,,,,,,,,,,,
2020-02-03,1,0,10,0,0,,,,,,,,,0,0,
2020-02-02,5,0,9,0,0,,,,,,,,,0,0,
2020-02-01,1,0,3,0,,,,,,,,,,,,
2020-01-31,-3,0,2,0,,,,,,,,,,,,
2020-01-30,0,0,6,0,0,,,,,,,,,0,,
2020-01-29,4,0,5,0,,,,,,,,,,,,
2020-01-28,1,0,1,0,,,,,,,,,,,,
2020-01-27,0,0,0,0,,,,,,,,,,,,
2020-01-26,0,0,0,0,,,,,,,,,,,,
2020-01-25,0,0,0,0,,,,,,,,,,,,
2020-01-24,0,0,0,0,,,,,,,,,,,,
2020-01-23,0,0,0,0,,,,,,,,,,,,
2020-01-22,0,0,0,0,,,,,,,,,,,,
2020-01-21,0,0,0,0,,,,,,,,,,,,
2020-01-20,0,0,0,0,,,,,,,,,,,,
2020-01-19,0,0,0,0,,,,,,,,,,,,
2020-01-18,0,0,0,0,,,,,,,,,,,,
2020-01-17,0,0,0,0,,,,,,,,,,,,
2020-01-16,0,0,0,0,,,,,,,,,,,,
2020-01-15,0,0,0,0,,,,,,,,,,,,
2020-01-14,0,0,0,0,,,,,,,,,,,,
2020-01-13,0,0,0,0,,,,,,,,,,,,
2020-01-12,0,0,0,0,,,,,,,,,,,,
2020-01-11,0,0,0,0,,,,,,,,,,,,
2020-01-10,0,0,0,0,,,,,,,,,,,,
2020-01-09,0,0,0,0,,,,,,,,,,,,
2020-01-08,0,0,0,0,,,,,,,,,,,,
2020-01-07,0,0,0,0,,,,,,,,,,,,
2020-01-06,0,0,0,0,,,,,,,,,,,,
2020-01-05,0,0,0,0,,,,,,,,,,,,
2020-01-04,0,0,0,0,,,,,,,,,,,,
2020-01-03,0,0,0,0,,,,,,,,,,,,
2020-01-02,0,0,0,0,,,,,,,,,,,,
2020-01-01,0,0,0,0,,,,,,,,,,,,